,spotify_song_id,weeks_on_chart,artists,name,peak_position
0,000xQL6tZNLJzIrtIgxqSl,3,Zayn,Still Got Time,66
1,00B7TZ0Xawar6NZ00JFomN,3,Cardi B,Best Life,39
2,01TnVDiet1DFTsyWKUKovl,3,XXXTENTACION,Numb,80
3,01jIO8SJFnpSiNLH1JaBZ5,12,Jacquees,You,58
4,01z2fBGB8Hl3Jd3zXe4IXR,1,Mac Miller,Come Back To Earth,91
5,038kavjqUaGIYZL5lYocvX,6,"Farruko, Nicki Minaj, Bad Bunny, 21 Savage, Rvssian",Krippy Kush,75
6,03eJ2DclFWXYU8GWgANdmZ,11,XXXTENTACION,BAD!,16
7,04MLEeAMuV9IlHEsD8vF6A,20,French Montana,No Stylist,47
8,04ZTP5KsCypmtCmQg5tH9R,20,Bebe Rexha,I'm A Mess,35
9,057sdYirt745dVbe48m7Hl,3,6ix9ine,WAKA,51
10,05KOgYg8PGeJyyWBPi5ja8,4,Drake,Free Smoke,18
11,05r1GGg1Rhs0RcUg27C82a,1,Lil Wayne,Famous,36
12,06FCvd7rrRcF3DdvWH5Isp,2,Kendrick Lamar,Lust.,42
13,06Gyf2pFDVmN5K8XAawG96,1,"Future, Young Thug",No Cap,62
14,06gD2ZtK3Dzc1BYqWExQJJ,20,Chris Stapleton,Broken Halos,45
15,0709StHzSeXpdj2zmqF2o2,4,Chris Brown,Tempo,88
16,07FkzikE6FuHIa8Ma7zJGc,20,NF,Lie,48
17,07gmjrX3LWBkCkfxjg0SrQ,2,Katy Perry,Cozy Little Christmas,53
18,081t95JRuDUrQYSS3h8iKk,11,Chris Young,Sober Saturday Night,47
19,08bNPGLD8AhKpnnERrAc6G,29,"Marshmello, Anne",Friends,11
20,08tq1XcHwVt5PHXUo87i0D,7,Dan + Shay,All To Myself,66
21,08wJ1B9yu9sPeoRa5fbpr3,16,Brothers Osborne,It Ain't My Fault,79
22,090R9OdFMbQQksvwuXmNEY,1,Kevin Gates,Let It Sing,82
23,09FfQO3PqHO4HIJL511Ksi,1,"Eminem, Jessie Reyez",Nice Guy,65
24,09IOPhEh1OMe0HD9b36FJk,3,Post Malone,Over Now,24
25,09IStsImFySgyp0pIQdqAc,40,"Zedd, Maren Morris, Grey",The Middle,5
26,09iyGiljLWRYXdRazFkdtJ,20,Maren Morris,I Could Use A Love Song,56
27,09lmraDvzBT3pUQ2rUtJzK,1,Drake,March 14,57
28,09mEdoA6zrmBPgTEN5qXmN,18,The Weeknd,Call Out My Name,4
29,09ts3GnICqYEU5PkQCpJK3,16,Justin Timberlake,Say Something,9
30,0AS63m1wHv9n4VVRizK6Hc,19,Shawn Mendes,Mercy,15
31,0AcicReEGm1qcENjqzh1Tg,1,Trippie Redd,Love Scars 3,73
32,0AluA5RNsa4Cx6XRhf2hWZ,4,Metro Boomin,10 Freaky Girls,42
33,0At2qAoaVjIwWNAqrscXli,35,Ella Mai,Boo'd Up,5
34,0BnTBAGmr9FtYwkZrwKhwS,5,DJ Khaled,Just Us,43
35,0CALOqrkXAE7WB2nyIATLk,1,"Hikaru Utada, Skrillex",Face My Fears,98
36,0CBQ0m3mufWH75LTYB3s6h,2,Lil Wayne,Let It Fly,10
37,0CfmNX2TXk7yoJqHJiixnp,2,"Cardi B, YG",She Bad,57
38,0CokSRCu5hZgPxcZBaEzVE,19,Macklemore,Glorious,49
39,0D5CXSUx8GOCHSY8KWgi9h,1,Logic,Yuck,87
40,0DiDStADDVh3SvAsoJAFMk,2,Jonas Brothers,Only Human,91
41,0E6PsO3ymCfUh7pJQjBgkj,15,The Carters,Apeshit,13
42,0ERbK7qVqveCaBWIiYCrl3,1,Romeo Santos,Bella y Sensual,95
43,0ESJlaM8CE1jRWaNtwSNj8,3,Travis Scott,Beibs In The Trap,90
44,0FZ4Dmg8jJJAPJnvBIzD9z,25,Kodak Black,ZEZE,2
45,0FbSpY8RPxTRxi1Fpj9Dz9,5,Blac Youngsta,Booty,73
46,0Fpen1PTuEnCmOJtUU9Iud,7,Lil Uzi Vert,New Patek,24
47,0Fv5N0cHBsl4bzCbollCAS,19,Big Sean,Moves,38
48,0G9rmRmQDFk9O2tzZLyRkc,1,Migos,Emoji A Chain,87
49,0Gl5s8IhMmQE5YQwM8Qx1J,4,Loren Allred,Never Enough,88
50,0HEmnAUT8PHznIAAmVXqFJ,1,George Michael,Faith,47
51,0HZk0QsXPhMNAWNDR3rYE8,3,Pentatonix,Hallelujah,23
52,0JHREzo9WzIP4vyybhSKPa,1,Five Finger Death Punch,Blue On Black,66
53,0JP9xo3adEtGSdUEISiszL,20,XXXTENTACION,Moonlight,13
54,0JYAsQJWIuaYUvZGF1qapT,1,Quavo,Rerun,88
55,0KKkJNfGyhkQ5aFogxQAPU,50,Bruno Mars,That's What I Like,1
56,0LG2cFomCi8Fb664Lvr3Nu,10,Darius Rucker,For The First Time,58
57,0MrRAUcB8AZiB9ue2VOBYe,1,Post Malone,Sugar Wraith,57
58,0N9uZRrJQ3lO5TmInEjLxc,12,Chris Lane,Take Back Home Girl,55
59,0NqZ65jPelNB13gzsvH2Ma,7,"Jacquees, Dej Loaf",At The Club,86
60,0Nwar8rweBUyfyuoyjjUvk,1,The Weeknd,Privilege,52
61,0OI7AFifLSoGzpb8bdBLLV,4,"Machine Gun Kelly,, Ambassadors, Bebe Rexha",Home,90
62,0OVhQZkNe7lh0fQeH96EFW,1,Bryson Tiller,Don't Get Too High,89
63,0OWZFobGSIW9GrSlQ9C5pc,19,Thomas Rhett,Marry Me,30
64,0OgGn1ofaj55l2PcihQQGV,14,Bryce Vine,Drew Barrymore,46
65,0OlS52TmtK2gPaEtdmr7DN,19,Old Dominion,No Such Thing As A Broken Heart,46
66,0PG9fbaaHFHfre2gUVo7AN,18,"Cardi B, Bruno Mars",Please Me,3
67,0PQoUlzP7ILdcrzpajHXc0,18,YK Osiris,Worth It,52
68,0PpfPNtQOOvbMNVJijTQj0,20,Pardison Fontaine,Backin' It Up,40
69,0Px86mRlxdB3YqpK6KXWlr,1,J. Cole,Once An Addict,47
70,0QIjsbm2fh1cJ45XO9eGqq,26,"Gucci Mane, Bruno Mars, Kodak Black",Wake Up In The Sky,11
71,0QV16pno66L6K3fn4W13b7,1,Lil Uzi Vert,No Sleep Leak,90
72,0QVISdPWRllAmoDBG3DEHU,5,Plies,Rock,95
73,0Qh38w01QRXK6KHIv0e3hb,21,P!nk,What About Us,13
74,0R6Jlsq25eZB3Wftpxi3oF,1,Post Malone,Jonestown,73
75,0RRm4OS5ymfZryXBuj0G2m,13,City Girls,Twerk,29
76,0Rx0DJI556Ix5gBny6EWmn,3,Bazzi,Paradise,91
77,0SGkqnVQo9KPytSri1H6cF,22,Big Sean,Bounce Back,6
78,0STK94RxUulYqWzwFlyAb5,3,Demi Lovato,Sober,47
79,0SiywuOBRcynK0uKGWdCnn,1,Lady Gaga,Bad Romance,50
80,0SuLAslEMFZAXf0SwY7syi,12,Jon Bellion,All Time Low,16
81,0T6RSXxFhW8dRTWHI604ld,1,XXXTENTACION,One Minute,62
82,0TCnOEVeLQMXOUrpPlM7uY,1,Swae Lee,Guatemala,84
83,0TkJIyL69RAUIbNwGub6uR,1,AJR,Burn The House Down,100
84,0TlLq3lA83rQOYtrqBqSct,22,Drake,Nonstop,2
85,0UNeNA0dcfUMsGxvLwf2p3,1,Meek Mill,Pay You Back,78
86,0URaKGzNTtzKRtsJN1RkA9,1,Big Sean,Light,97
87,0Ult84lvFuqNvbyXwyRQ58,1,Clean Bandit,I Miss You,92
88,0VgkVdmE4gld66l8iyGjgx,31,Future,Mask Off,5
89,0W5oXFrxZNBTIS1eMW9Ofz,12,"Khalid, Kane Brown",Saturday Nights,57
90,0WVAQaxrT0wsGEG4BCVSn2,2,"Kygo, Imagine Dragons",Born To Be Yours,74
91,0WdR2AyLW1Drd3OUdwezM0,1,Ariana Grande,Everytime,62
92,0WyFpxYlBCgH1gMXd26OOr,18,Cole Swindell,Flatliner,56
93,0XOnMqLQDO89iAg7dWWwnG,1,Ariana Grande,Pete Davidson,99
94,0XQHz5C8PknyrEhyrKxVKa,10,Fifth Harmony,Down,42
95,0Xm8tw6qikotb8FAOZ2ks7,5,Hey Violet,Guys My Age,68
96,0Y7di9ZCmB6Elad5WISaPc,2,Lil Wayne,Dedicate,14
97,0ZNrc4kNeQYD9koZ3KvCsy,24,YG,Big Bank,16
98,0ZPCxNK4DIrF8KqrN3DxfA,1,Trippie Redd,Negative Energy,89
99,0afhq8XCExXpqazXczTSve,5,Ed Sheeran,Galway Girl,53
100,0b6UoVjUzFyZNpHI0aAhKt,1,DJ Khaled,Celebrate,52
101,0b9oOr2ZgvyQu88wzixux9,17,Childish Gambino,This Is America,1
102,0bGLvHd0ApdT4t0shCfpzG,6,The Chainsmokers,Side Effects,66
103,0bPnT6i9H1p8Vd85GS6Z7I,16,Jon Pardi,Night Shift,56
104,0bXFIF7iL17TYLyx8JHziM,3,Kodak Black,Patty Cake,76
105,0bhnUFDQFCEHCBlsQfHnj5,2,J. Cole,Photograph,14
106,0c4ICGb0jvszKj3KPR59JU,11,Blake Shelton,Every Time I Hear That Song,56
107,0d2iYfpKoM0QCKvcLCkBao,49,"benny blanco, Halsey, Khalid",Eastside,9
108,0dIoGTQXDh1wVnhIiSyYEa,20,Cardi B,Bartier Cardi,14
109,0e7ipj03S05BNilyu5bRzt,40,Post Malone,Rockstar,1
110,0evt4UZbdhnHtcAnxkm6A1,1,Eminem,Normal,39
111,0fv2KH6hac06J86hBUTcSf,1,"Tyler, The Creator",New Magic Wand,70
112,0gu5B9dUOiLezdDjrLPCCV,1,The Carters,Friends,99
113,0hPLZrnDgtKxrym1BHjDhd,4,21 Savage,Can't Leave Without It,58
114,0hjLM1wMtk27Qd4ZihyHmi,1,Meek Mill,Wins & Losses,79
115,0i0wnv9UoFdZ5MfuFGQzMy,1,Bebe Rexha,Last Hurrah,98
116,0iQ77tSa7ncj7zBPtVx6cU,8,WALK THE MOON,One Foot,65
117,0ileL1L3Vtpf5VZ5RQZ94m,1,Lin,Found / Tonight,49
118,0j8zLbIueSkVqB3Tl6PsjA,1,Nicki Minaj,Regret In Your Tears,61
119,0jAfdqv18goRTUxm3ilRjb,9,A Boogie Wit da Hoodie,Startender,59
120,0jOfl1nZf6sVBTG08Q4brn,1,Migos,Call Casting,62
121,0jdny0dhgjUwoIp5GkqEaA,21,Kesha,Praying,22
122,0jqBo5RYn008f4ZY8kPewW,1,Logic,Indica Badu,56
123,0jqLv5PuEUA0GthFjdtlS1,1,Meek Mill,Oodles O' Noodles Babies,85
124,0k664IuFwVP557Gnx7RhIl,2,Lizzo,Juice,93
125,0kCBorRrKZkSztd9m0QI3r,4,Young Thug,Chanel,78
126,0lYBSQXN6rCTvUZvg9S0lU,14,DJ Snake,Let Me Love You,7
127,0lsRatBUs9HNIZAmoGABzk,3,SHAED,Trampoline,84
128,0mt02gJ425Xjm7c3jYkOBn,1,Lana Del Rey,Lust For Life,64
129,0nhVrTiCGiGRCoZOJiWzm1,1,"Migos, Marshmello",Danger,82
130,0oPdaY4dXtc3ZsaG17V972,4,Jose Feliciano,Feliz Navidad,29
131,0oagwWkGlBoACUuKvTmqZV,1,P!nk,A Million Dreams,90
132,0oiCeOPwm4zhwfyIpAE37y,1,John Mayer,Love On The Weekend,91
133,0pCgobQDYedY2NwByGrlWf,4,Zac Brown Band,My Old Man,68
134,0pGXe7umwkcCm01Ipoxp0U,16,Maren Morris,GIRL,59
135,0pJPdSVti6cTM1Q6xYGmcf,4,Calvin Harris,Faking It,94
136,0pSBuHjILhNEo55xK1zrRt,25,"Ayo, Teo",Rolex,20
137,0pqnGHJpmpxLKifKRmU6WP,51,Imagine Dragons,Believer,4
138,0prNGof3XqfTvNDxHonvdK,27,Alessia Cara,Scars To Your Beautiful,8
139,0pwdJLLVxlJa1lnR9UeMZY,1,P!nk,Love Me Anyway,96
140,0q5DrtpnnGpOvBy5nnPMbe,4,A Boogie Wit da Hoodie,Timeless,86
141,0q75NwOoFiARAVp4EXU4Bs,20,SZA,Love Galore,32
142,0qkdE1C0ufnUISKwhg8Wh6,1,Lady Antebellum,What If I Never Get Over You,86
143,0qvzXomUDJVaUboy2wMfiS,10,Niall Horan,This Town,20
144,0rKtyWc8bvkriBthvHKY8d,1,Joji,Slow Dancing In The Dark,96
145,0rOLFkjY5DSIViVBNnzOuK,1,Joji,Sanctuary,80
146,0s6OWiWGuiCcm1Muzch5A8,14,Chris Janson,Fix A Drink,67
147,0sdbFOyfgAhAhWq8DpzkaW,2,Ariana Grande,The Light Is Coming,89
148,0stPNUkU1LZnvxIcfrKnEZ,3,Carrie Underwood,The Champion,47
149,0tBbt8CrmxbjRP0pueQkyU,22,"Selena Gomez, Marshmello",Wolves,20
150,0tMSssfxAL2oV8Vri0mFHE,1,Billie Eilish,Listen Before I Go,63
151,0tYHqwTW4s6VuPWDSD7n7K,8,6ix9ine,Kooda,50
152,0tdCy39PgWN8LFWu34ORn3,3,"21 Savage, Offset, Metro Boomin",Rap Saved Me,64
153,0tgVpDi06FyKpA1z0VMD4v,56,Ed Sheeran,Perfect,1
154,0u2P5u6lvoDfwTYjAADbn4,22,"Billie Eilish, Khalid",Lovely,64
155,0ubdf6zWT1It2saK41SkO0,1,Lil Wayne,Problems,57
156,0utlOiJy2weVl9WTkcEWHy,5,J. Cole,Neighbors,54
157,0vrmHPfoBadXVr2n0m1aqZ,1,Avicii,Heaven,83
158,0w3Q14i073jLoew1hgJkwD,18,Jon Pardi,Heartache On The Dance Floor,47
159,0w5Bdu51Ka25Pf3hojsKHh,1,Paramore,Hard Times,90
160,0wEC0GNF74lAqrEFZJMl1m,1,"Tyler, The Creator",Puppet,88
161,0wH7iJqYQnmUU09YGcQPHo,1,Halsey,Not Afraid Anymore,77
162,0wXuerDYiBnERgIpbb3JBR,41,Childish Gambino,Redbone,12
163,0wbnC9AUenxp613TYaJsGK,15,Migos,Narcos,36
164,0wfbD5rAksdXUzRvMfM3x5,2,The Chainsmokers,The One,78
165,0xl1w2q4VLojeXp4JfazPL,3,Drake,Sacrifices,36
166,0y1QJc3SJVPKJ1OvFmFqe6,8,Kaleo,Way Down We Go,54
167,0y9uTzK9cNKSAEHnpeRG8C,1,Kendrick Lamar,Duckworth.,63
168,0yhxBvedRdGxsPZHJNI4VA,1,Kanye West,I Thought About Killing You,28
169,0ywzvARVqoxQOJpaswRe9E,1,"Zedd, Katy Perry",365,86
170,0zqy3ss4CwD6u4QPksS0nI,3,Drake,8 Out Of 10,21
171,104buTcnP2AsxqB7U1FIZ4,19,Linkin Park,Heavy,45
172,10GJQkjRJcZhGTLagFOC62,16,Hailee Steinfeld,Most Girls,58
173,10Igtw8bSDyyFs7KIsKngZ,20,Lil Dicky,Freaky Friday,8
174,10M2Ex445zw585Ducldzkw,28,Brett Young,In Case You Didn't Know,19
175,116H0KvKr2Zl4RPuVBruDO,27,Bad Bunny,MIA,5
176,11EDhDAVDtGPoSar6ootYA,1,Halsey,Strangers,100
177,11L064movtyopGdLiX4sVg,2,Drake,Peak,38
178,12GEpg2XOPyqk03JZEZnJs,29,"Kygo, Selena Gomez",It Ain't Me,10
179,13ZyrkCDmRz5xY3seuAWYk,4,Juice WRLD,Hear Me Calling,38
180,13e6f8t7RKXuxZ0JdaaJRG,2,Drake,Jorja Interlude,49
181,14PlDNjNh3pXyHXzkhX8n5,8,"6ix9ine, Fetty Wap, A Boogie Wit da Hoodie",KEKE,43
182,14SaZBTjxlorHJQxXh01Hu,17,"Summer Walker, Drake",Girls Need Love,37
183,14kYOiFVPb7E7NfFbqhdln,1,Ariana Grande,Goodnight N Go,87
184,152lZdxL1OR0ZMW6KquMif,43,Khalid,Location,16
185,156LzfvMNKuXuiot4uzhGD,5,Metro Boomin,No Complaints,71
186,15EPc80XuFrb2LmOzGjuRg,21,GoldLink,Crew,45
187,15vzANxN8G9wWfwAJLLMCg,20,The Chainsmokers,Paris,6
188,16QN8cBubEq706vNtPpOME,13,Kelly Clarkson,Love So Soft,47
189,16QjPRt5HYK0dnLGmGRCvf,1,Lil Baby,Deep End,97
190,16dXg2YuFOxwDC3cTf5jde,1,Kodak Black,Conscience,93
191,172e82oK9vGoBPvc6SqMm5,1,Lady Gaga,Is That Alright?,63
192,17DjWsC0G9YQtAiepG3c5v,1,Gucci Mane,Stunting Ain't Nuthin,95
193,17Yq72h0p15OhCbZ5lJ5gd,2,Cardi B,Bickenhead,43
194,18PergoIrGmRyeYxnaXJN2,4,BLACKPINK,Kill This Love,41
195,19Fcrc0nJiwMKom00gS9SW,6,Nicki Minaj,Good Form,60
196,19P6cJstaoQJHtHW3HOGcg,1,"Tim McGraw, Faith Hill",The Rest Of Our Life,98
197,19kUPdKTp85q9RZNwaXM15,17,Kane Brown,Good As You,36
198,19yTqpHTUrw7mOcRDvXYzn,4,Chris Lane,For Her,92
199,1AGPmw3QJBNfOK6XioDhZp,1,Future,Never Stop,65
200,1AH60dMaEfNjzDoUIFwIQi,1,A Boogie Wit da Hoodie,Beast Mode,86
201,1AT4xjNarTswd0UZ5FlmKF,2,J. Cole,Motiv8,15
202,1B4gJRq61xTs6r1O0Uq2iY,1,TakeOff,Casper,99
203,1B6TmCvKjC4dopBohVW51x,13,Jacquees,B.E.D.,69
204,1B87ZDrD3Pno9hS4stamWO,3,Future,Comin Out Strong,48
205,1Bqxj0aH5KewYHKUg1IdrF,3,G,Some Kind Of Drug,97
206,1BuZAIO8WZpavWVbbq3Lci,17,"Rae Sremmurd, Juicy J",Powerglide,28
207,1D2L6MefbXon28PzIk9I3r,3,Post Malone,92 Explorer,40
208,1DUSuNhF8P5vUGNPpQiZa5,3,Khalid,My Bad,55
209,1Dk3CfJEtqvj7Xg2AWwfEn,1,Lil Wayne,Took His Time,65
210,1E1uGhNdBe6Dddbgs2KqtZ,4,twenty one pilots,Jumpsuit,50
211,1E6DEDWDKHoOW0fcFuDghV,1,"Khalid, SAFE",Don't Pretend,84
212,1EaKU4dMbesXXd3BrLCtYG,11,Kendrick Lamar,Element.,16
213,1Eck97uRMlprKOOJN9oO1E,5,G,Good Life,59
214,1Eks3grEvathx0HC7GQABd,21,Daddy Yankee,Dura,43
215,1Faq8G2y56A8fRv7HsLq25,6,NAV,Wanted You,64
216,1G4cdOtF36ZCs6i2dZoC87,21,Mitchell Tenpenny,Drunk Me,39
217,1GOuHB20lqVyxv3GdxovPY,1,Meek Mill,Issues,77
218,1GtVGc1UYin3zpMUdNSSpM,1,Logic,Midnight,74
219,1GwMQaZz6Au3QLDbjbMdme,2,Taylor Swift,Call It What You Want,27
220,1HNywa8Bk0TmzRwQrzhtPo,1,John Mayer,I Guess I Just Feel Like,94
221,1HOUzEsetdIPSpAgRPhZQt,3,Trey Songz,Nobody Else But You,92
222,1HXy5I3HTWq8OvxCn0z7G7,27,Kane Brown,Heaven,15
223,1Hd2XLitkt1PYCWSbfF5qV,5,DJ Khaled,Wish Wish,19
224,1I3ZAmPmbFV78oNKnibOiW,2,Future,Jumpin On A Jet,57
225,1IO13V09b01gLSbmZJZ9dM,10,Brad Paisley,Today,67
226,1KSqYYJFyfTecXFk9M0prc,20,Wisin,Escapate Conmigo,63
227,1KVczjazCcCCgM3gXXUl47,6,"benny blanco, Juice WRLD",Roses,85
228,1KWLyoPChJrBQFscO8NW8D,9,6ix9ine,STOOPID,25
229,1KZ0Xo6Mmeprp1Sw5xCHYz,1,Rick Ross,Trap Trap Trap,97
230,1KhljCoJ2TgDEldnnfTHHc,20,Chris Brown,Party,40
231,1Knctxx9vGZxpZfF66BIEa,2,Juice WRLD,Legends,65
232,1L3NV7VrCiuE8C5QlhdeQL,6,Justin Timberlake,Filthy,9
233,1LIqNVhaIgxXUt2eVoIQJ3,1,Maluma,HP,96
234,1LZNdHSaGjV2S9q8BrZwnh,3,Granger Smith,If The Boot Fits,80
235,1MJErNPIQUoEMu4YUUmecm,2,Lil Uzi Vert,Neon Guts,79
236,1MksGqIztTT6M9R1ErKVs8,3,Big Sean,No Favors,22
237,1P17dC1amhFzptugyAO7Il,19,Taylor Swift,Look What You Made Me Do,1
238,1PSBzsahR2AKwLJgx8ehBj,16,"Machine Gun Kelly, Camila Cabello",Bad Things,4
239,1Pj5oOFzLYELyyeh1IYRK0,6,FLETCHER,Undrunk,61
240,1QiwdLAzAnzmiwvoGMXM7b,1,Meek Mill,Heavy Heart,99
241,1R6VwZ8TuHRzxZUxe88n4I,2,2 Chainz,Rule The World,94
242,1RMsPiK9MRXHAavNDMkrzm,1,Lil Wayne,Demon,81
243,1RagpNpkD3KcjXMLGMe99V,1,Wiz Khalifa,Fr Fr,73
244,1RouRzlg8OKFeqc6LvdxmB,20,Maluma,Felices Los 4,48
245,1SJtlNRJDeYHioymcvsqev,9,Camila Cabello,Crying In The Club,47
246,1SV1fxF65n9NhRHp3KlBuu,1,Paul McCartney,Wonderful Christmastime,47
247,1SxagO9GK0UUeEYLmH8Pln,1,Trippie Redd,Toxic Waste,98
248,1Szfm2XAx3Kgl55dyl8sTU,1,Lil Baby,Time,62
249,1TEL6MlSSVLSdhOSddidlJ,4,Ariana Grande,Needy,14
250,1ThmUihH9dF8EV08ku5AXN,11,Ski Mask The Slump God,Faucet Failure,87
251,1Tnw0ItH1Macok8gblnPPd,2,Drake,Is There More,36
252,1UZOjK1BwmwWU14Erba9CZ,15,Miley Cyrus,Malibu,10
253,1W6wxOOYyJyyok8fqYSZ3m,7,DJ Khaled,Top Off,22
254,1WIZiOuNO3woKfdlSK2gNn,16,Kodak Black,Transportin',46
255,1WSGTYKLEpKfNQYYW5Oymt,5,"benny blanco, Tainy, Selena Gomez, J Balvin",I Can't Get Enough,66
256,1WkMMavIMc4JZ8cfMmxHkI,20,Justin Timberlake,Can't Stop The Feeling!,13
257,1WlU4jsJ8AoTB96dgd8LJA,1,Future,Call The Coroner,100
258,1XJBDDpeuZaj5fvmwhdIMw,1,Kodak Black,Take One,81
259,1XRgIKC5TPwo7nWGyKqgG0,26,Gucci Mane,I Get The Bag,11
260,1XazlqB4YAtvouCmJPWXlM,9,Brett Eldredge,Wanna Be That Song,46
261,1ZAyjvIk9YiD76yYy0TEG6,20,Rich The Kid,Plug Walk,13
262,1ZY1PqizIl78geGM4xWlEA,4,Taylor Swift,Gorgeous,13
263,1ZemPoaj7LBj1RAQrb89EC,2,Post Malone,Blame It On Me,47
264,1a7WZZZH7LzyvorhpOJFTe,6,Juice WRLD,Wasted,67
265,1bPoQ1zaUWZmiYrckwfulU,1,Iggy Azalea,Sally Walker,62
266,1bx4Jw8A7GQtImIQGccI6D,1,Meek Mill,Almost Slipped,73
267,1c0hsvHLELX6y8qymnpLKL,6,"Lunay, Daddy Yankee, Bad Bunny",Soltera,73
268,1cKHdTo9u0ZymJdPGSh6nq,1,The Weeknd,I Was Never There,35
269,1cS0TgbR263ey9jn0MwD2s,12,Eminem,River,32
270,1dFLowBW25EaL2OC7eKEa2,20,Lady Antebellum,You Look Good,59
271,1dQ84P0W0lOckT02lPEhhP,1,Meek Mill,Millidelphia,73
272,1dUHF4RyMmMTveJ0Rby6Xm,4,Drake,Can't Take A Joke,18
273,1dyxS3YzBbL0t8rEVwVQ1K,12,Blake Shelton,God's Country,19
274,1e1JKLEDKP7hEQzJfNAgPl,20,Playboi Carti,Magnolia,29
275,1e4rwBPVI32vZtTJu7mJ4J,16,Li,Chun,10
276,1f5PNhkNgUpvDEeZfcIlO1,5,Cardi B,I Do,23
277,1f5cbQtDrykjarZVrShaDI,21,A Boogie Wit da Hoodie,Drowning,38
278,1fewSx2d5KIZ04wsooEBOz,6,Metro Boomin,Space Cadet,51
279,1fnRwgZLgAYMM1dVL1oqwG,1,Plies,Real Hitta,100
280,1fvCggAYrW0VtCljtqv4h2,2,TakeOff,Last Memory,54
281,1g1TeDflB6atAy7HKwrzXu,1,Kesha,Learn To Let Go,97
282,1gT5TGwbkkkUliNzHRIGi1,2,JAY,4:44,35
283,1h0yImRPIVAjhhHeNVlTuC,2,Shawn Mendes,Youth,65
284,1hFtJ5rV3aAm58ErijHdFO,1,Mariah Carey,I Don't,89
285,1i1fxkWeaMmKEB4T7zqbzK,8,The Chainsmokers,Don't Let Me Down,29
286,1iTWoKAdilGEmit6xhQZje,4,Lil Yachty,Peek A Boo,78
287,1j4kHkkpqZRBwE0A4CN4Yv,16,Zayn,Dusk Till Dawn,44
288,1jQsKN68yE94tMYml0wHMd,1,Big Sean,Jump Out The Window,76
289,1jYiIOC5d6soxkJP81fxq2,22,DJ Khaled,I'm The One,1
290,1jo3TwNGCXfNdB5uba3ZVv,8,Eminem,Killshot,3
291,1k7KigfkZh2Xb6khqV1a0K,5,YoungBoy Never Broke Again,Diamond Teeth Samurai,59
292,1kFBLqkTuNKlspkJ1EOGjN,10,Chris Janson,Drunk Girl,79
293,1kJtfldK9F7XmsSiSNlbth,1,Kesha,Woman,96
294,1kK6DwzyXJSp58u5HYWwuD,7,"YG, Tyga, Jon Z",Go Loko,49
295,1lasE4yXQmZ5mwWdGQGn8E,2,Mason Ramsey,Famous,62
296,1lsBTdE6MGsKeZCD6llNu7,9,Charlie Puth,Done For Me,53
297,1mMLMZYXkMueg65jRRWG1l,20,Luke Combs,When It Rains It Pours,33
298,1n4jwRVXdkK2U34nBDUKKT,1,Kendrick Lamar,Blood.,54
299,1nGoy0cEj0extAwXYNYTWd,2,Kanye West,Wouldn't Leave,24
300,1nX9KhK3Fff27SnrIor2Yb,12,2 Chainz,4 AM,55
301,1nXZnTALNXiPlvXotqHm66,1,"Tyler, The Creator",A Boy Is A Gun,74
302,1nueTG77MzNkJTKQ0ZdGzT,17,Maroon 5,Don't Wanna Know,6
303,1oUudyBYVGMIC8JXeIsFzq,1,"Rae Sremmurd, Travis Scott",Close,98
304,1orjH4IkSH9VrWmRCToKV8,9,NLE Choppa,Shotta Flow,67
305,1pKeFVVUOPjFsOABub0OaV,12,Ariana Grande,Side To Side,6
306,1psC5iHzQxaTMZ5dWGfM6I,5,Yo Gotti,Juice,90
307,1qsHYUd2c1wFGcn7e63QmG,5,Kanye West,Yikes,8
308,1r0faljjM2b876iNoaDUh5,1,Big Sean,Sacrifices,70
309,1r6cyaW7yMykwSyxTuwcuM,3,DJ Suede The Remix God,Cash Me Outside,72
310,1rM0CnyUiiw6A9CHJRXjZA,1,"Sofia Carson, Cameron Boyce, Booboo Stewart, Mitchell Hope",Chillin' Like A Villain,95
311,1rfofaqEpACxVEHIZBJe6W,45,Camila Cabello,Havana,1
312,1rlIrbWboTRGeKfHhgbJRZ,1,Quavo,Flip The Switch,48
313,1rqqCSm0Qe4I9rUvWncaom,46,Panic! At The Disco,High Hopes,4
314,1t34UsQ634a233qysq6D6L,6,Keith Urban,Female,69
315,1tlBuoIRrtqFs9bE9dmli5,1,Future,Extra Luv,99
316,1u0MOgWF1bbylVxpJG2ZjB,1,Big Sean,Owe Me,86
317,1uL78kFWxhz3umTMWJu8n5,15,Lil Uzi Vert,Sauce It Up,49
318,1unFtbwcAnSGgYPmp52vc0,1,Gunna,Wit It,75
319,1ung2kajpw24AaHjBtPY3j,3,Rae Sremmurd,Perplexing Pegasus,84
320,1vBeIXlzbAieGoDqInav5j,2,Cardi B,Money Bag,58
321,1vBpwxsLVwaR4evBIaFmqD,20,Midland,Drinkin' Problem,45
322,1vHeu2j2MpfMqqvcXKLtic,15,Eric Church,Desperate Man,68
323,1vNoA9F5ASnlBISFekDmg3,18,Bad Wolves,Zombie,54
324,1vVNlXi8gf8tZ7OhnEs4VE,1,French Montana,A Lie,75
325,1wJRveJZLSb1rjhnUHQiv6,20,A Boogie Wit da Hoodie,Swervin,38
326,1wWRtPIKD7ZNvtsrzLyTev,1,"Future, Young Thug",All Da Smoke,77
327,1xYpVRspgaLxdJLOTQkTjg,2,Travis Scott,Stop Trying To Be God,27
328,1xzBco0xcoJEDXktl7Jxrr,28,Sheck Wes,Mo Bamba,6
329,1yQvL8SzbF5JCroRKk9F07,1,"Lil Baby, Gunna",Belly,80
330,1zB4vmk8tFRmM9UULNzbLB,51,Imagine Dragons,Thunder,4
331,1zEhH5BmSpKi1mRSIfBDOq,5,Sofi Tukker,Best Friend,81
332,204U3zjm9kkzX25Pr4Rdld,2,Migos,Kelly Price,58
333,20MuVazoNMv6xjKPnRFOxG,3,Travis Scott,Wake Up,30
334,21RzyxY3EFaxVy6K4RqaU9,8,Loud Luxury,Body,80
335,21yRtB6B8EMounImAfHRCP,1,"Tyler, The Creator",Who Dat Boy,87
336,228kFdBgjLDmmdygT9Hxxo,1,Sam Hunt,Drinkin' Too Much,89
337,22mQXNE0nCuWq4yOwcadIn,1,Jennifer Lopez,Dinero,80
338,22oEJW6r2rMb9z4IntfyEa,10,Panic! At The Disco,"Hey Look Ma, I Made It",24
339,22vgEDb5hykfaTwLuskFGD,16,Jonas Brothers,Sucker,1
340,22ykS8KWpd2r4zcRZ0XMK5,1,Metro Boomin,Dreamcatcher,72
341,23L5CiUhw2jV1OIMwthR3S,5,"Martin Garrix, Bebe Rexha",In The Name Of Love,26
342,23SryQFx36SXmuAj7tXxec,1,YFN Lucci,Key To The Streets,97
343,23TxRN09aR1RB0G0tFoT0b,13,Little Big Town,Better Man,34
344,23luOrEVHMfoX0AhfbQuS6,2,Kendrick Lamar,Fear.,50
345,25leEEaz1gIpp7o21Fqyjo,3,Gene Autry,Here Comes Santa Claus,28
346,25oOaleife6E2MIKmFkPvg,14,Young Thug,Relationship,65
347,25qhnRgAcImQWfaswqRkwN,11,Derez De'Shon,Hardaway,61
348,268j6G1DugGY3RHFM4Jof3,14,Selena Gomez,Bad Liar,20
349,27356GVuMPFWiJSZCragoM,2,Ariana Grande,Make Up,48
350,27a1mYSG5tYg7dmEjWBcmL,2,Travis Scott,Can't Say,38
351,27oFpFktCq9JIXjJQRuv7a,1,6ix9ine,Gotti,99
352,285pBltuF7vW8TeWk8hdRR,46,Juice WRLD,Lucid Dreams,2
353,28FGV3ORH14MYORd7s5dlU,3,Eminem,Not Alike,24
354,28irpKCCK9nn9DZSik2zEx,2,Drake,Glow,54
355,2A69wys3S9uiPSmn6UZWJn,19,Old Dominion,Written In The Sand,51
356,2ANLarE8yHVsLWW21nj79M,5,Lil Uzi Vert,You Was Right,40
357,2AY1UAimvTqjJC8vDJsOyy,17,Becky G,Mayores,74
358,2BJSMvOGABRxokHKB0OI8i,4,Playboi Carti,Shoota,46
359,2BJpuAoDeQ1QuPvnryfAWK,2,A Boogie Wit da Hoodie,No Promises,74
360,2BOqDYLOJBiMOXShCV1neZ,2,Calum Scott,Dancing On My Own,93
361,2BSbCCbaSCzkOEZa6N5901,1,Juice WRLD,Flaws And Sins,91
362,2BrzlUj1u1CtvaJDGIKpsP,14,Noah Cyrus,Make Me,46
363,2D1MK9oaxy7axXggy3iVbp,2,Nicki Minaj,Rich Sex,56
364,2DQ1ITjI0YoLFzuADN1ZBW,28,G,No Limit,4
365,2DlIwu1iDTILEMXA7MUotn,15,P!nk,Beautiful Trauma,78
366,2DnH4XlEkghUdE8ymdVom5,1,Lil Wayne,Open Letter,47
367,2EEeOnHehOozLq4aS0n6SL,30,KYLE,iSpy,4
368,2EGtBS7Ws3ajiSkJLviFJ4,1,ScHoolboy Q + Travis Scott,CHopstix,85
369,2EWpa5XnAuSn0sIkSSIhYk,9,The Revivalists,Wish I Knew You,84
370,2EgB4n6XyBsuNUbuarr4eG,19,Rich The Kid,New Freezer,41
371,2EhJijFUs0WUmNClDBpYJq,1,Juice WRLD,Make It Back,92
372,2EjXfH91m7f8HiJN1yQg97,9,Brenda Lee,Rockin' Around The Christmas Tree,9
373,2FUNBaa5DwItJtYEBgAblU,3,21 Savage,Monster,73
374,2FY7b99s15jUprqC0M5NCT,27,Imagine Dragons,Natural,13
375,2Fxmhks0bxGSBdJ92vM42m,12,Billie Eilish,Bad Guy,2
376,2G7V7zsVDxg1yRsu7Ew9RJ,22,Drake,In My Feelings,1
377,2GGMabyHXnJmjY6CXhhB2e,26,Cardi B,Money,13
378,2Gl0FzuLxflY6nPifJp5Dr,1,"Kygo, Ellie Goulding",First Time,67
379,2GlATHCDbLW7xq5BE0Bz5g,16,Ella Mai,Shot Clock,62
380,2Grb4G6t9VIqo6moKUloom,4,Metro Boomin,Don't Come Out The House,38
381,2H3wWrnO758y0fPH7Ilerg,1,XXXTENTACION,Depression & Obsession,91
382,2H881m3JRA8lpuuwaQL6zy,1,DeJ Loaf,No Fear,100
383,2HWelwHQS4EdRqIycZOc3O,19,Tank,When We,78
384,2I3dW2dCBZAJGj5X21E53k,1,KIDS SEE GHOSTS,KIDS SEE GHOSTS,73
385,2IG6Te7JyvrtqhFeOF7le4,1,Future,Zoom,99
386,2IRZnDFmlqMuOrYOLnZZyc,29,Meek Mill,Going Bad,6
387,2IjgKCbrk8CtqmsOC5DhVd,1,Meek Mill,fuck That Check Up,97
388,2JqnpexlO9dmvjUMCaLCLJ,10,Lukas Graham,Love Someone,70
389,2JvzF1RMd7lE3KmFlsyZD8,22,J. Cole,Middle Child,4
390,2KKijf6Ett4kmVNJze2roh,2,Blanco Brown,The Git Up,51
391,2Kerz9H9IejzeIpjhDJoYG,2,Lana Del Rey,Love,44
392,2Kf9fwIOwZwd6Aw7OxfkF0,1,Missy Elliott,I'm Better,71
393,2KokOIKdw4zZutDil85Ugh,1,Migos,White Sand,64
394,2KqJC0koTBUyDlsMt5ok1V,16,Thomas Rhett,Look What God Gave Her,32
395,2KvHC9z14GSl4YpkNMX384,2,Drake,Do Not Disturb,60
396,2L6orAlH8tBhiFTumIfMyF,17,Starley,Call On Me,65
397,2LTlO3NuNVN70lp2ZbVswF,2,Kendrick Lamar,Feel.,35
398,2LskIZrCeLxRvCiGP8gxlh,17,"XXXTENTACION, Lil Pump",Arms Around You,28
399,2MShy1GSSgbmGUxADNIao5,17,Kodak Black,Calling My Spirit,46
400,2N6bB5ck67CNILInUX1Ctw,8,Alessia Cara,Growing Pains,65
401,2NEBP8SXEqwZt2PRdPXXuy,13,"David Lee Murphy, Kenny Chesney",Everything's Gonna Be Alright,66
402,2Na0z2gfN67Rzf0vp74Wi3,1,Drake,Lose You,64
403,2OKo7g3KfmCt3kyLvUAL0g,1,NF,The Search,70
404,2OaKHGvIxoOzIYjyMsxcT8,1,Gunna,3 Headed Snake,74
405,2OsDoAzo5SGq10qwmKSQBv,1,"Future, Juice WRLD",Jet Lag,72
406,2P91MQbaiQOfbiz9VqhqKQ,41,Lauv,I Like Me Better,27
407,2PsZsnqSMXt4oKi0xHVvgF,1,Lil Yachty,Boom!,88
408,2QEnZJ8FwpBoyLKcFcgceT,1,Future,Government Official,99
409,2QZ7WLBE8h2y1Y5Fb8RYbH,23,Shawn Mendes,In My Blood,11
410,2QgfDF0fQ4sskDthP8MG5w,1,21 Savage,ASMR,95
411,2RSHsoi04658QL5xgQVov3,9,Imagine Dragons,Bad Liar,56
412,2Rk4JlNc2TPmZe2af99d45,9,Taylor Swift,ME!,2
413,2RttW7RAu5nOAfq6YFvApB,2,Ed Sheeran,Happier,59
414,2S1LebN6AXXQqJolBxlWgO,6,Lil Dicky,Earth,17
415,2SbzdGpOKlH3HIAGTWTbwU,14,"Ozuna, Cardi B",La Modelo,52
416,2T7UAAVTIIuMZPOQLXTq1l,9,"Pitbull, El Chombo, Karol G",Dame Tu Cosita,36
417,2TH65lNHgvLxCKXM3apjxI,2,"Bad Bunny, Tainy",Callaita,68
418,2TLDilmv1UmRTfyb7f2Hrx,9,Michael Ray,One That Got Away,67
419,2UVbBKQOdFAekPTRsnkzcf,21,Migos,Stir Fry,8
420,2UbGTULrgk641ZzV4vWfXK,3,6ix9ine,TIC TOC,53
421,2UciqgwVDwro0fev3MFbxJ,5,J. Cole,ATM,6
422,2Ul7yRZaxGcWCzQg7m632Z,1,"Janet, Daddy Yankee",Made For Now,88
423,2UwbhMie1EAYuTZ0QXeMwl,1,XXXTENTACION,Save Me,94
424,2VIPU72L6tIR4w8J8ap6Kp,20,Brett Young,Mercy,29
425,2VxeLyX666F8uXCJ0dZF8B,38,"Lady Gaga, Bradley Cooper",Shallow,1
426,2WP8G2pdddDmnh1xbfKBOI,2,Drake,Finesse,42
427,2WaOQWSv0D1tZNxyLvnGAI,13,Kelsea Ballerini,Yeah Boy,65
428,2WyRfGeHo97VC5mP1BBSzr,1,Miley Cyrus,Mother's Daughter,54
429,2XTquzYQAdT1Hk78bOUwsv,2,Eminem,Greatest,23
430,2XaInsPPUkZRkY4uFJ3AHK,2,Gucci Mane,Met Gala,88
431,2XlHu0HcujBCkWMdIAvrqt,4,Drake,Blem,38
432,2YMhrXQYKkm4kXLcXKKd5z,20,Dustin Lynch,Small Town Boy,36
433,2Yl4OmDby9iitgNWZPwxkd,20,Cardi B,Be Careful,11
434,2YpeDb67231RjR0MgVLzsG,16,"Lil Nas,",Old Town Road,1
435,2ZRo7axmMPeSVUvDbGkJah,2,XXXTENTACION,Hope,70
436,2Za1AlJNvksouPPWbXpR2X,19,Macklemore,Good Old Days,48
437,2ZdCrBA52bb4pIG3tOOZiQ,2,Lil Uzi Vert,Dark Queen,91
438,2ZekuYUoEIBrUwHOY0gcgB,3,Tim McGraw,How I'll Always Be,70
439,2aI2k39nfa3KFsa4JclQzw,1,DU DDU,DDU,55
440,2bSk87AVkCIIC3Bcligq1z,6,Lil Baby,Life Goes On,74
441,2bjUEg4jBtKBlPdNrTAppI,4,5 Seconds Of Summer,Easier,48
442,2bjwRfXMk4uRgOD9IBYl9h,16,Drake,Portland,9
443,2cEmWBBlCfR9wWrY9JmTyt,1,Zayn,Let Me,73
444,2cOUlop2ZakjOKe4WinesN,31,Niall Horan,Slow Hands,11
445,2cYqizR4lgvp4Qu6IQ3qGN,23,Travis Scott,Butterfly Effect,50
446,2d48mamATjby7wgPjdrSOQ,20,Thomas Rhett,Craving You,39
447,2dfHh7ECGxfNqZTQno09Vk,1,Ed Sheeran,Hearts Don't Break Around Here,93
448,2dfqS3MRtbLZSZA1IL8xY5,1,Drake,Skepta Interlude,76
449,2dpaYNEQHiRxtZbfNsse99,44,"Marshmello, Bastille",Happier,2
450,2dwoqUYTy6SOy1dFqcTndC,19,Jason Aldean,Drowns The Whiskey,32
451,2eAZfqOm4EnOF9VvN50Tyc,22,Lil Uzi Vert,The Way Life Goes,24
452,2ekn2ttSfGqwhhate0LSR0,47,Dua Lipa,New Rules,6
453,2fGxYYMQbVqgIdaqfz2OwA,1,Miley Cyrus,Younger Now,79
454,2fQrGHiQOvpL9UgPvtYy6G,28,21 Savage,Bank Account,12
455,2fVHrSxsQbJUuj9MW9zG1e,16,The Chainsmokers,Who Do You Love,52
456,2fXwCWkh6YG5zU1IyvQrbs,4,SZA,Broken Clocks,82
457,2fbJ5Msx8KoDKpyufH5YsU,7,Lady Gaga,I'll Never Love Again,36
458,2fkeWbM6iqTw7oGHTYm2lw,2,Drake,4422,50
459,2flWhcGYxQHhb1EeeU2dOL,1,Kenny Chesney,Bar At The End Of The World,92
460,2gXOzCwbVXACCaYRj4Qrep,1,Future,Temptation,76
461,2gYiCTytrSRtuaHP1Nac6u,13,Luke Bryan,Fast,58
462,2gsNpSn7VvvJuSrIDfRoYy,3,Eminem,Kamikaze,16
463,2gwkD6igEhQbDQegRCcdoB,12,DaBaby,Suge,8
464,2h3i5tGUl6hMu572umjcGo,1,Wale,Running Back,100
465,2hloaUoRonYssMuqLCBLTX,3,Ariana Grande,Bloodline,22
466,2iUXsYOEPhVqEBwsqP70rE,48,5 Seconds Of Summer,Youngblood,7
467,2j5hsQvApottzvTn4pFJWF,21,Maroon 5,What Lovers Do,9
468,2jB9QaPJyVdz2Q0Va8rrnU,11,Bebe Rexha,I Got You,43
469,2jIT1TfSIjVik7Qu1B6P5h,1,"Gucci Mane, Nicki Minaj",Make Love,78
470,2jTujnt0y344ai1rNOywgr,2,Drake,KMT,48
471,2jt2WxXMCD4zjACthkJQVE,4,Eminem,The Ringer,8
472,2kh78Yka2tkYOx3XF9DVpu,1,JAY,Kill Jay Z,55
473,2l8nEO0vsTRCRnGqQty6qx,20,6ix9ine,FEFE,3
474,2lFtnEmkIPm2ClN55e2chV,19,Dierks Bentley,Black,56
475,2ludbmtPoyCPe2K08fAlFl,1,Sia,Helium,71
476,2mfahQ0EaaZWq4cFNg6A1o,19,Devin Dawson,All On Me,52
477,2nLtzopw4rPReszdYBJU6h,1,Linkin Park,Numb,34
478,2oejEp50ZzPuQTQ6v54Evp,3,"The Chainsmokers, Bebe Rexha",Call You Mine,67
479,2of5xn0GU0TdFneR1saRLH,4,DJ Khaled,To The Max,53
480,2p2cCrOaNrIOLk5ArtlHy6,8,High Valley,She's With Me,79
481,2pJZ1v8HezrAoZ0Fhzby92,1,Ed Sheeran,What Do I Know?,83
482,2pg2TiYo9Rb8KeB5JjP7jS,16,Jhene Aiko,Sativa,74
483,2pnPe4pJtq7689i5ydzvJJ,1,Chuck Berry,Run Rudolph Run,45
484,2qT1uLXPVPzGgFOx4jtEuo,27,Ariana Grande,No Tears Left To Cry,3
485,2qcG0nZ6S3zZV0UrkY5nFo,10,Cardi B,Drip,21
486,2qsQ8eVDPmobZpvDxQCVQu,4,Nicki Minaj,Barbie Tingz,25
487,2qxmye6gAegTMjLKEBoR3d,9,Alec Benjamin,Let Me Down Slowly,79
488,2rUwQj4SWaP2anuGDtNpYR,1,Made,Self,85
489,2rizacJSyD9S1IQUxUxnsK,5,The Chainsmokers,All We Know,80
490,2rxQMGVafnNaRaXlRMWPde,31,Luke Combs,Beautiful Crazy,21
491,2swZ0X1njeU32SNJeBKIfW,1,Aventura,Inmortal,95
492,2syQ0f4SAQdzvlAewPl1DJ,1,"Zedd, Liam Payne",Get Low,91
493,2t8yVaLvJ0RenpXUIAC52d,23,21 Savage,A Lot,12
494,2tPcTFiQF9MbVUyjZ3zDhA,4,"SOB, RBE",Paramedic!,65
495,2tnlNVAhuQGgoFJxALVeXx,3,Meek Mill,Uptown Vibes,39
496,2tqoJQbv6dNNOi0PCCjuse,1,JAY,Smile,56
497,2u7mxWSeoqTXndK5e08jMp,13,Lil Skies,Nowadays,55
498,2v5JTeM6hSmi5wWy7jiwrI,9,"Lil Peep, iLoveMakonnen",I've Been Waiting,62
499,2vHfabj6nFebekTYODqntl,1,5 Seconds Of Summer,Want You Back,61
500,2vXKRlJBXyOcvZYTdNeckS,6,"Gesaffelstein, The Weeknd",Lost In The Fire,27
501,2vaMWMPMgsWX4fwJiKmdWm,1,A Boogie Wit da Hoodie,Undefeated,84
502,2vdBo4ALPYbHRUPKgtE5iC,2,Ariana Grande,Ghostin,25
503,2vs5ubqg8QUbfyWZpMfvWe,1,"Future, Juice WRLD",Astronauts,82
504,2vsuel3g4zaLYSOY0mOMbi,1,Khalid,Bad Luck,87
505,2vvdTrdryjsl8DmPIMDWZU,1,Enrique Iglesias,El Bano,98
506,2wOXxtHZgRkkrkEbKLzzqs,1,21 Savage,1.5,86
507,2wxfu24GQpEZQrjDJm5Ac1,17,Carly Pearce,Every Little Thing,50
508,2x0RZdkZcD8QRI53XT4GI5,4,Avicii,SOS,68
509,2x0WlnmfG39ZuDmstl9xfX,13,Taylor Swift,End Game,18
510,2xLMifQCjDGFmkHkpNLD9h,46,Travis Scott,Sicko Mode,1
511,2xbI8Vmyv3TkpTdywpPyNw,13,PnB Rock,Selfish,51
512,2yI8omCrTAyrTcK7NRppu7,3,TK Kravitz,Ocean,76
513,2yLa0QULdQr0qAIvVwN6B5,19,Taylor Swift,...Ready For It?,4
514,2yQZwi1P8AkkxxFhQ8rMEK,20,LANCO,Greatest Love Story,45
515,2yZax79pOrYuyIFVW2cZY2,1,XXXTENTACION,Carry On,95
516,2yg9UN4eo5eMVJ7OB4RWj3,2,Drake,Survival,17
517,2yuyaYAELoMG4ApV5wJsWR,3,Gucci Mane,Curve,67
518,2z3joGXrdGL2iEjIKQTiN1,1,J. Cole,Ville Mentality,90
519,30MM5jWpUmOxtTNd9Ey5LZ,20,Thomas Rhett,Unforgettable,47
520,31x4wWBghN7f5PiEZUmcAW,7,Florida Georgia Line,Smooth,89
521,32iPykTXUNZ9oGyACGUybq,1,Offset,How Did I Get Here,65
522,32lItqlMi4LBhb4k0BaSaC,20,Post Malone,Candy Paint,34
523,33471tzU1VghDg9zNgGRpz,19,Old Dominion,Hotel Key,48
524,33b2wX9d0kxqxhi7lcsC1A,1,Ozuna,Unica,72
525,340UVheS8z3ncW9TTUhAbc,5,Halsey,Nightmare,15
526,343YBumqHu19cGoGARUTsd,17,Drake,Fake Love,8
527,34I0nBvoE0ZXmqbKiJ5BWS,1,"Joyner Lucas, Chris Brown",Stranger Things,91
528,34oB5r0lcN3fYWCs2uA1k5,14,Lady Gaga,The Cure,39
529,34oWbFBfGEElvgO0a5c9V4,1,Kodak Black,No Flockin,95
530,35J4wXQeRuHNOEArMy6FOe,1,Meek Mill,Tic Tac Toe,72
531,35KV2Nuib6jPMVN00O8iba,1,Kanye West,No Mistakes,36
532,35ap6ekPdkGkiUkWfWhZB4,1,Chris Blue,Money On You,66
533,35ffVv9x4mtzBh5rF1K9sP,1,Migos,CC,96
534,35rozLoS6QLE8HX8qswM3k,1,Marshmello,Rescue Me,92
535,365wwIjijQdlRJEjUWTidq,2,2 Chainz,Proud,96
536,36J0iaPDGbYGsHvYpaYs3k,1,Dreamville,Down Bad,75
537,37F0uwRSrdzkBiuj0D5UHI,14,The Weeknd,Reminder,65
538,38TgLPNHsPzgqri5G4SPun,1,Nicki Minaj,Majesty,58
539,38nVuIj9mi5a8oopOJhSJk,20,Brett Young,Here Tonight,42
540,39LmTF9RgyakzSYX8txrow,8,Ariana Grande,Imagine,21
541,39RWYLt6hgk9BbhkDgaHW9,1,Lil Baby,Crush A Lot,82
542,39jXnbACjiaiTwwhsr5sY5,11,Niall Horan,Too Much To Ask,66
543,39pS70eeDvyCAF3t8NAlVV,16,"2 Chainz, Gucci Mane, Quavo",Good Drank,70
544,39ukbGu3UVWs74ba83T68c,1,JAY,Moonlight,86
545,39xWBHPM4E9MwzEy5gbM7p,3,Nipsey Hussle,Last Time That I Checc'd,76
546,3A1BaBGT3HgzuDrV9pgX9v,9,YoungBoy Never Broke Again,Overdose,42
547,3A2yGHWIzmGEIolwonU69h,16,City Girls,Act Up,26
548,3AMnOVxEHUgVrythGgqPhI,2,A Boogie Wit da Hoodie,Say A',75
549,3AsNVBJ7LHsltdu9490ZiS,1,Easton Corbin,A Girl Like You,98
550,3B54sVLJ402zGa6Xm4YGNe,41,French Montana,Unforgettable,3
551,3BUWNzPWz2mDbptZmGEXpB,1,Lil Wayne,Let It All Work Out,75
552,3BXXkwyhsHM0EPApHMhQC5,1,Gunna,Speed It Up,91
553,3CA9pLiwRIGtUBiMjbZmRw,25,Drake,Nice For What,1
554,3DV49ruvI5Sl6iisPZAc2c,11,Dylan Scott,Hooked,48
555,3DnZfpfe8wLeJgzc00gKeW,2,Meek Mill,On Me,30
556,3DoBTwfr8yi2LN08SBpFkN,5,Travis Scott,Watch,16
557,3EApebexZ7YqDIqw2EMTDh,1,Chance The Rapper,I Might Need Security,60
558,3EMS8XDdhxXzwK3sN0DfsT,1,"Jake Paul, Erika Costell",Jerika,86
559,3EPXxR3ImUwfayaurPi3cm,29,Dean Lewis,Be Alright,23
560,3EQ9QP2E7wjYQba8OSPBst,1,Meek Mill,Intro,55
561,3EWMoDIm6lzuR0zQKtuCJX,20,Morgan Wallen,Up Down,49
562,3EikYy40GMSp8l5mDV6IQo,1,Ski Mask The Slump God,Foot Fungus,81
563,3F57PtOdqRpD6euFYqtKXX,1,"Lil Baby, Gunna",I Am,98
564,3FDrI0FLKzrYQiWxPhqV2W,4,Calvin Harris,Rollin,62
565,3Fj47GNK2kUF0uaEDgXLaD,11,Billie Eilish,Wish You Were Gay,31
566,3GCdLUSnKSMJhs4Tj6CV3s,21,"Kendrick Lamar, SZA",All The Stars,7
567,3GJ4hzg4lrGwU51Y3VARbF,26,Dan + Shay,Speechless,24
568,3GVkPk8mqxz0itaAriG1L7,7,XXXTENTACION,Everybody Dies In Their Nightmares,42
569,3HVWdVOQ0ZA45FuZGSfvns,6,"Ed Sheeran, Justin Bieber",I Don't Care,2
570,3HWzoMvoF3TQfYg4UPszDq,7,Lizzo,Truth Hurts,14
571,3I4WFddKpe2PGZWFh7f10J,19,Russell Dickerson,Yours,49
572,3I7krC8kr0gFR7P6vInR1I,19,Billy Currington,Do I Make You Wanna,47
573,3IJ6BBFLD2I2CH3hHFQj3O,1,Future,4 Da Gang,92
574,3JX0dOCIAiaR8MP3ryXWuM,1,Lil Wayne,What About Me,24
575,3Jrs7cC2OJNlNSy9VnDOMZ,1,Bryson Tiller,Somethin Tells Me,74
576,3KLo7ByvjCNyBrfz5DZ2mO,5,Rich The Kid,Splashin,80
577,3KkXRkHbMCARz0aVfEt68P,35,"Post Malone, Swae Lee",Sunflower,1
578,3L19besdNQzd342qL78xqm,3,A Boogie Wit da Hoodie,Demons And Angels,90
579,3L4GsGLgxpHieVQH86H8bv,10,Nicki Minaj,Bed,42
580,3Lfiu5sZ4M4B6JaKMBc0FU,1,Ed Sheeran,Barcelona,96
581,3MEYFivt6bilQ9q9mFWZ4g,8,Marshmello,Alone,28
582,3MWlVSkoLS1e66nlZ2tuWJ,1,J. Cole,For Whom The Bell Tolls,93
583,3Mnr3yyQk1aUPYgbpOQE31,20,Old Dominion,Make It Sweet,56
584,3NeiYiBn3rQBgurfVk92Zm,1,Gorillaz,Humility,85
585,3NgcaTIgVh77DdwAInp996,15,Dustin Lynch,Good Girl,44
586,3OjNkFFZavF89xvRqWCXmU,16,Cody Johnson,On My Way To You,78
587,3Ol2xnObFdKV9pmRD2t9x8,28,A Boogie Wit da Hoodie,Look Back At It,27
588,3OnOomd79OjqSYHchCQ6ht,5,Migos,Notice Me,52
589,3OtMnyUaiipcAT23A8liyi,10,Katy Perry,Swish Swish,46
590,3PYx9Wte3jwb48V0wArMOy,3,Logic,Keanu Reeves,38
591,3Q3myFA7q4Op95DOpHplaY,25,blackbear,Do Re Mi,40
592,3QGsuHI8jO1Rx4JWLUh9jd,11,Shawn Mendes,Treat You Better,23
593,3QiAAp20rPC3dcAtKtMaqQ,1,Elvis Presley,Blue Christmas,40
594,3S4px9f4lceWdKf0gWciFu,8,Sia,Cheap Thrills,26
595,3T6MAweakkNrMYs8jZIWtg,19,Brett Young,Like I Loved You,46
596,3Tc57t9l2O8FwQZtQOvPXK,4,Billie Eilish,My Strange Addiction,43
597,3U21A07gAloCc4P7J8rxcn,9,Kanye West,All Mine,11
598,3V8sM5OOG6YfDuDLa2IIYJ,12,Future,Used To This,45
599,3VZf7aAduaJnQjqTIinfCv,2,Kendrick Lamar,The Heart Part 4,22
600,3VamXAvVMczcS2PTYtPfBQ,20,Jimmie Allen,Best Shot,37
601,3VlbOrM6nYPprVvzBZllE5,23,Sam Smith,Too Good At Goodbyes,4
602,3Vo4wInECJQuz9BIBMOu8i,23,"Bruno Mars, Cardi B",Finesse,3
603,3W4JFzOQdo5J2Wgt9DFg24,1,Logic,Warm It Up,98
604,3WRIaWsws011vHMd9uzPjG,3,Future,First Off,47
605,3XF5xLJHOQQRbWya6hBp7d,8,Billie Eilish,You Should See Me In A Crown,41
606,3XiNC94b4Tq1xwv70sQJGN,10,Lil Uzi Vert,Sanguine Paradise,28
607,3YEbLhXRDPTtctnb3ddg8g,11,Megan Thee Stallion,Big Ole Freak,65
608,3YZE5qDV7u1ZD1gZc47ZeR,1,Kelly Clarkson,Underneath The Tree,44
609,3YeJXuRSNS5FYwOsDu44kD,6,Trippie Redd,Dark Knight Dummo,72
610,3ZPKocroJIcnHGcnJVlLKD,15,Weezer,Africa,51
611,3ZhTT6yjZwpPph5MIJ53XY,20,Lil Skies,Red Roses,69
612,3a1lNhkSLSkpJE4MSHpDu9,49,Post Malone,Congratulations,8
613,3aUFrxO1B8EW63QchEl3wX,1,KIDS SEE GHOSTS,Feel The Love,47
614,3aW0ds4A4tSQDIp75FqWTo,6,BTS,Fake Love,10
615,3bDXhWsPiFTHtrsMg5faL2,11,Luke Bryan,What Makes You Country,54
616,3cqZH3cqvfbV8wVbvHyPbG,5,21 Savage,Red Opps,74
617,3cwqhMBPg8TxrquES1T1t1,29,"J Balvin, Willy William",Mi Gente,3
618,3d1qN7AHge6BXuVPutcpI5,4,Eric Church,Some Of It,65
619,3dCZm5HrG0jIXAHfNkg2H0,13,Jordan Davis,Take It From Me,46
620,3dhjNA0jGA8vHBQ1VdD6vV,22,The Weeknd,I Feel It Coming,4
621,3dlCF1mzW1UKMOb4b1XN17,11,Jake Owen,I Was Jack,43
622,3dskm5fAe8OkBtM9E0VVWx,1,Lin,Almost Like Praying,20
623,3e7Y6sfFlIdBMJhX7wpqVO,5,Logic,44 More,22
624,3e9HZxeyfWwjeyPAMmWSSQ,28,Ariana Grande,"Thank U, Next",1
625,3ebXMykcMXOcLeJ9xZ17XH,14,"Martin Garrix, Dua Lipa",Scared To Be Lonely,76
626,3edzl4zvKFi0D3iuF6cs2f,1,Quavo,Pass Out,61
627,3ee8Jmje8o58CHK66QrVC2,38,XXXTENTACION,Sad!,1
628,3f5lA8nnc4YYF1qf78WpHw,20,"Anuel AA, Romeo Santos",Ella Quiere Beber,61
629,3fpVWegR6YOS1Yk5HSMYIq,6,Post Malone,Paranoid,11
630,3hB3a1GTBmdReRzvupKWnQ,1,Frank Sinatra,Jingle Bells,49
631,3hBXvHLlTHvnbwrPbeoyAj,6,Bobby Helms,Jingle Bell Rock,8
632,3hv6ndi7uFT9L9wrhQCsqY,3,Bhad Bhabie,Gucci Flip Flops,79
633,3izNaTiYdotdPL0Bs76JqO,20,Dylan Scott,My Girl,39
634,3j84U36KvLeXNDPv4t5pI8,21,"Mustard, Migos",Pure Water,23
635,3jRBwf09lbRAp2DSPlRx8p,2,Lauren Daigle,The Christmas Song,55
636,3jq1RpStaB1YGyN3rRZGca,1,XXXTENTACION,Sauce!,89
637,3kCwyvhvVTyehIzYN2I0nF,1,Drake,Omerta,35
638,3lb5fWSG2p7x8ik8HN9oFR,20,Meek Mill,Dangerous,31
639,3lyeSiAIdLoZUHhV8psOTI,1,Future,Feed Me Dope,68
640,3m2aDCqn8eT5ElXDUiboGU,1,Lil Yachty,Get Dripped,98
641,3muBQDekYAg7jm6hDu6R0Z,20,Tee Grizzley,First Day Out,48
642,3mvYQKm8h6M5K5h0nVPY9S,3,Drake,After Dark,41
643,3myCKLr7C1sgY0RXNdC7hA,13,Mark Ronson,Nothing Breaks Like A Heart,43
644,3n2A6l4UayVe3GGKCvfQWV,13,Justin Moore,Somebody Else Will,59
645,3nBXOlFTADNvG9nkqy2O2W,12,Dierks Bentley,"Woman, Amen",53
646,3nc420PXjTdBV5TN0gCFkS,5,Martin Garrix,Ocean,78
647,3ncgNpxLoBQ65ABk4djDyd,19,Famous Dex,Pick It Up,54
648,3oDkdAySo1VQQG0ptV7uwa,8,Juice WRLD,Lean Wit Me,68
649,3ojTJaonfkL96iIWa47SU3,13,Chris Brown,Questions,78
650,3p6JF5nt0bZOSgZRONNZp0,1,6ix9ine,RONDO,73
651,3pJkBPHadRAxBBo484RipI,15,Thomas Rhett,Sixteen,42
652,3pjUyVbFmM96tYhSaKJwTt,1,J. Cole,Change,83
653,3pndPhlQWjuSoXhcIIdBjv,1,Russ,What They Want,98
654,3pq5dd3Hwg2uJ3d63v9YRx,2,Gunna,One Call,56
655,3qN5qMTKyEEmiTZD38BNTT,16,Drake,I'm Upset,7
656,3qTmB5HxP9ilJaiM6B1yuk,19,Scotty McCreery,Five More Minutes,44
657,3qmm9AdG0TnShv0drgXNIQ,2,Queen Naija,Karma,63
658,3rFF7kSm5qBOOPs6ljFgPp,1,J. Cole,The Cut Off,28
659,3s3VVLE1kB7Xk2AoJKlGmr,1,Logic,Overnight,68
660,3s7MCdXyWmwjdcWh7GWXas,2,Kanye West,Violent Crimes,27
661,3sA7HKGzcKTVscdiTCrWpX,19,YoungBoy Never Broke Again,Outside Today,31
662,3swc6WTsr7rl9DqQKQA55C,39,Post Malone,Psycho,1
663,3szf2z1Cy1QMrtHrbn8rz9,3,Drake,Elevate,14
664,3tNE4i6TBqMdyTZxHDAn9B,27,Ava Max,Sweet But Psycho,10
665,3tZ4zv4UuenjJGSNUMfBNG,1,Future,XanaX Damage,98
666,3tZs3nVjySLbL320lP4mvs,1,H.E.R.,Focus,100
667,3tbNT2X5tfMIVeUflYbZUZ,14,Halsey,Alone,66
668,3tcoEYOZUHKB3RKNByIN13,1,Lil Uzi Vert,For Real,82
669,3to5UxKsozb4T6CfwHuhLJ,1,Lil Mosey,Kamikaze,97
670,3u2rgzPzq1mf0TM7faP0NX,2,Young Thug And Travis Scott,Pick Up The Phone,65
671,3umS4y3uQDkqekNjVpiRUs,15,Nicky Jam,El Amante,92
672,3wAI7MIQtTgwcRmwchPZBc,1,"Big Sean, Metro Boomin",Go Legend,67
673,3wFLWP0FcIqHK1wb1CPthQ,2,Ariana Grande,Fake Smile,26
674,3wGXyJGsCf1myH5MooQIqE,19,Tay,The Race,44
675,3wLtYwtqvKK2ewelSVPeDK,2,Roddy Ricch,Die Young,99
676,3wScL5W8H40zzCKN0atfBk,20,Lil Wayne,Uproar,7
677,3wdfLVUhmX64lIyWIIEW8s,5,"Quavo, Lil Yachty",Ice Tray,74
678,3x3LDwksbVDJW0P1dAmX4u,17,Alessia Cara,How Far I'll Go,56
679,3xEozpt8pAptvpH69iJhOw,1,Ozuna,Amor Genuino,92
680,3y9cCbnBn0zjkJa2YkOj70,1,"Nicki Minaj, Mike WiLL Made",Black Barbies,97
681,3yjpv3Rk2gkHhfhgBjiUKS,1,Bhad Bhabie,Hi Bich,68
682,3zPgAKn5tbmCuCKrR3r7qE,3,Jhene Aiko,Triggered,51
683,40Rpg3LkZwwzuHJ3GdjMma,1,Kodak Black,Gnarly,88
684,40Zb4FZ6nS1Hj8RVfaLkCV,1,French Montana,Slide,90
685,40oKW22ZNNkEdZLJTScaQI,25,Kodak Black,Roll In Peace,31
686,41MCdlvXOl62B7Kv86Bb1v,3,Juice WRLD,Empty,41
687,41a7dZcq30Ss5kPMayWRV0,2,Drake,That's How You Feel,37
688,41zXlQxzTi6cGAjpOXyLYH,3,Billie Eilish,idontwannabeyouanymore,96
689,421ebjYqaIXEG2KloTbXlH,2,"Tim McGraw, Faith Hill",Speak To A Girl,61
690,42fw0rxRO2xbesF6mJfd4Y,50,Dan + Shay,Tequila,21
691,42k9e2hgl98IdgkXLg4pxs,1,Metro Boomin,No More,79
692,43CFDpciGFDm226POTLEXU,9,Brett Eldredge,Love Someone,52
693,43ZyHQITOjhciSUUNPVRHc,23,Lil Pump,Gucci Gang,3
694,43dOwOq0mB4i6j4SpcSkqC,1,Migos,Higher We Go,83
695,43zdsphuZLzwA9k4DJhU0I,32,Billie Eilish,When The Party's Over,29
696,44Du2IM1bGY7dicmLfXbUs,1,Drake,Final Fantasy,56
697,44KKhCyI0BGS6LvVyDqJtH,12,Lil Pump,Esskeetit,24
698,44lusH2vzc4sRAwsooRhPh,1,The Carters,Nice,95
699,45CCe4gu08OYG1I4MH8TU6,1,Meek Mill,Trauma,61
700,45Egmo7icyopuzJN0oMEdk,51,"Khalid, Normani",Love Lies,9
701,45RbAX2KxbPdNwUgeYA69j,1,YoungBoy Never Broke Again,Preach,98
702,45XhKYRRkyeqoW3teSOkCM,21,DJ Khaled,Wild Thoughts,2
703,46pF1zFimM582ss1PrMy68,2,Darlene Love,Christmas,43
704,48tAdjG4ng2JfECa7OQujk,20,Brantley Gilbert,The Weekend,64
705,48zFZh27QU5qsrBjn4C2FA,2,"Ozuna, Manuel Turizo",Vaina Loca,94
706,498ZVInMGDkmmNVpSWqHiZ,4,Florida Georgia Line,May We All,42
707,4AEzAEnbm9uRgbmTdeI63K,1,"PnB Rock, XXXTENTACION",Middle Child,91
708,4AFgK4wP1iD5i8BYaLr9Vf,2,Future,You Da Baddest,38
709,4ANFPo7dzs2DdPuONXC9bp,1,Future,Please Tell Me,87
710,4AtZRwSR8BOTTQg5ihSggt,8,6LACK,Prblms,72
711,4Az17HfqonKSWNsaLgTBeK,11,Darius Rucker,If I Told You,53
712,4B8vU5oDXVxO5OkLAI4aLx,1,21 Savage,Out For The Night,88
713,4BHSjbYylfOH5WAGusDyni,3,Kendrick Lamar,Yah.,32
714,4BHzHISX21PYwGXiBEUQ70,2,Migos,BBO,48
715,4BdGO1CaObRD4La9l5Zanz,20,Foster The People,Sit Next To Me,42
716,4CdfFYzaAJ0y0beKzmgJSn,3,Alice Merton,No Roots,84
717,4Ce37cRWvM1vIGGynKcs22,9,"Hailee Steinfeld, Grey",Starving,17
718,4D4xJ4LyDXBWIf9thFSMAJ,10,Rascal Flatts,Yours If You Want It,71
719,4DTpngLjoHj5gFxEZFeD3J,13,Kodak Black,Codeine Dreaming,52
720,4E3qImtJzRqLt8ZZyLceOE,1,Lil Wayne,Perfect Strangers,86
721,4EAV2cKiqKP5UPZmY6dejk,13,"Logic, Marshmello",Everyday,29
722,4F6yN5FsFW10Ucx7cLCzBh,1,Lil Baby,Ready,66
723,4F7A0DXBrmUAkp32uenhZt,15,The Weeknd,Party Monster,36
724,4F8V44j8cbjHnXjfW2HruU,2,The Carters,Boss,77
725,4GkkxswcdEt1tkSyiRzgnC,8,Future,Draco,46
726,4H0vNUFcHPz5lytcLjwqkr,8,Maren Morris,Rich,62
727,4H7WNRErSbONkM06blBoGc,4,Post Malone,Stay,17
728,4HG1YiGBseVKzjyKcmAJen,2,Drake,Summer Games,28
729,4HbiCvH1R7mVOJ7KY7JQBD,19,6ix9ine,Gummo,12
730,4HfaOznGhHYWqPtpLYz2PB,1,Future,Rocket Ship,79
731,4I5Hn34v6foGP3ta9Xx0rN,12,Mariah Carey,All I Want For Christmas Is You,3
732,4IdAIZRVkwuQQnHpi529cn,1,Bryson Tiller,No Longer Friends,98
733,4JjIIBNoho0V2gZjH4nEzR,16,Michael Ray,Think A Little Less,54
734,4KTU5aa5s547f1JF5DImhF,1,Justin Timberlake,Man Of The Woods,73
735,4KX8vXbouybtUptEyYxtIk,1,Kodak Black,MoshPit,58
736,4Km5HrUvYTaSUfiSGPJeQR,31,Migos,Bad And Boujee,1
737,4KpKyRFwN0gcwj58Uqjv7q,1,XXXTENTACION,Staring At The Sky,68
738,4Kw3CztmD15X1QGDnnHmLD,1,Migos,Auto Pilot,85
739,4L9Ds4mpD3SuYoWwFUlv16,20,Florida Georgia Line,Simple,32
740,4LiMQ6G9n84rDUBs9wtwz6,19,Jordan Davis,Singles You Up,50
741,4LmAnpjlhWTahvRkYR8xJa,5,"ScHoolboy Q, 2 Chainz, Saudi",X,49
742,4MXhiYIRDMGAuvZc5IFTwC,1,Travis Scott,Astrothunder,48
743,4NBTZtAt1F13VvlSKe6KTl,20,The Chainsmokers,This Feeling,50
744,4NN6N5TxBO5k9uqu0W4gfQ,1,ScHoolboy Q,Floating,67
745,4NdXQlDTzxbOMkzJGWFtz3,2,Lil Pump,Butterfly Doors,81
746,4NiehSBQthimPzRsVeOgCT,1,Troye Sivan,My My My!,80
747,4O1uCappFiU3bisYUdUBWy,2,YoungBoy Never Broke Again,I Am Who They Say I Am,69
748,4OBZT9EnhYIV17t4pGw7ig,19,Daniel Caesar,Best Part,75
749,4OafepJy2teCjYJbvFE60J,25,Ariana Grande,Breathin,12
750,4PJ3umtW1aWdfh5EITHc6T,6,"Nicky Jam, Ozuna",Te Robare,91
751,4PS1e8f2LvuTFgUs1Cn3ON,9,Nat King Cole,The Christmas Song,11
752,4PxDHEEyHgYC6NUgqMtDFy,1,"Nick Jonas, Nicki Minaj",Bom Bidi Bom,54
753,4PzovBqgnSHKd8opsP7IVM,20,YFN Lucci,Everyday We Lit,33
754,4Q3N4Ct4zCuIHuZ65E3BD4,20,Kodak Black,Tunnel Vision,6
755,4Q8aDd3H6LF8t4eY7So9O8,1,"Marshmello, Tyga, Chris Brown",Light It Up,90
756,4QIo4oxwzzafcBWkKjDpXY,4,Billie Eilish,Xanny,35
757,4RGacGFT2ztXhGgzeaYzIR,1,Metro Boomin,Up To Something,100
758,4RVbK6cV0VqWdpCDcx3hiT,2,KIDS SEE GHOSTS,Reborn,39
759,4Ro98RCK90oHqqSZUnTFq5,28,Liam Payne,Strip That Down,10
760,4S8d14HvHb70ImctNgVzQQ,12,"Kanye West, Lil Pump",I Love It,6
761,4SSnFejRGlZikf02HLewEF,20,Billie Eilish,Bury A Friend,14
762,4STaHtfguDMkWbPEo6Fwcx,7,PARTYNEXTDOOR,Not Nice,82
763,4SUwJA3eUVNHExxMPEUhQe,1,Drake,Ratchet Happy Birthday,51
764,4T5Z4mbTe7kuGqgLpaRtTh,30,Jason Aldean,Any Ol' Barstool,52
765,4T652DlATVHe0jdLKaN3Bw,2,Ariana Grande,In My Head,38
766,4TWflhgevIGo448fWc6mQq,3,Offset,Red Room,49
767,4U6ubKsTd8RBDP5tPPhh7I,3,DJ Khaled,You Stay,44
768,4VFE6ZNqa8jHAmbYICoAFg,19,Florida Georgia Line,"God, Your Mama, And Me",46
769,4VJ7mnW4wjjIgPBM6KWvPu,1,DJ Khaled,Do You Mind,57
770,4VUwkH455At9kENOfzTqmF,27,Bazzi,Beautiful,26
771,4VXIryQMWpIdGgYR4TrjT1,20,Juice WRLD,All Girls Are The Same,41
772,4VuS959DSpr82t3qBqCrWG,1,Ed Sheeran,Supermarket Flowers,75
773,4Vxu50qVrQcycjRyJQaZLC,14,Thomas Rhett,Life Changes,36
774,4W598w0KcHVG5Nwqk0qMpj,1,"Future, Young Thug",Three,100
775,4W9XGjEUVG9junR70FOLii,1,Offset,Lick,86
776,4XWnHzCRfRjaHRsTNeh3WR,10,Carrie Underwood,Love Wins,83
777,4XaW4jIud5YxwV4QRJOb40,1,Future,Super Trapper,91
778,4YwNf1fLZt9IQhJeHNWfBi,1,J. Cole,Intro,53
779,4ZT9FnbFu1PaBfV3itxiqT,4,Lil Skies,I,39
780,4a1oIihVt6xSnDRpgX387M,17,Dierks Bentley,Burning Man,45
781,4at3d5QWnlibMVN75ECDrp,1,6LACK,Pretty Little Fears,76
782,4atJ40xfasjdM9ZF3p07BV,1,Big Sean,Halfway Off The Balcony,74
783,4au7FRcgZzChASRYu279xH,20,"Daddy Yankee, Katy Perry",Con Calma,22
784,4axYWgXASdsCBHuwInAubT,1,XXXTENTACION,I Don't Let Go,51
785,4bTZeO72FwMa6wKOiqoynL,2,Sech,Otro Trago,81
786,4c2xt1trwYZpMqPWY35Xi9,2,Drake,Jaded,32
787,4caEPudXQ1xDd1garjHPFv,1,Kris Wu,Like That,73
788,4cbdPT6uaBOgOQe3fLMofl,2,"SZA, The Weeknd, Travis Scott",Power Is Power,90
789,4ckQIgBy1gVeevf7UAereE,1,Miranda Lambert,Tin Man,75
790,4ckuS4Nj4FZ7i3Def3Br8W,6,Drake,Sneakin',63
791,4cxMGhkinTocPSVVKWIw0d,19,Russ,Losin Control,62
792,4dVpf9jZjcORqGTLUaeYj9,24,A$AP Ferg,Plain Jane,27
793,4diq7aFRo9Tz4IVEOTfwg7,9,Lady Gaga,Always Remember Us This Way,41
794,4e7JLa1vSJueWRw9KJZXye,7,Garth Brooks,Ask Me How I Know,71
795,4eWQlBRaTjPPUlzacqEeoQ,36,Camila Cabello,Never Be The Same,6
796,4f1XXGjZZ9EkFkrbPJek6X,1,21 Savage,Gun Smoke,93
797,4f3fb3alVLFc8Ga4ncpg7x,8,Morgan Evans,Kiss Somebody,53
798,4f8Mh5wuWHOsfXtzjrJB3t,1,"Tyler, The Creator",I Think,51
799,4fZxGiES1FKbNqJPrI4L3s,1,Logic,BoomTrap Protocol,97
800,4g32MdRoqwGKQd3NXIRhpU,1,Eminem,Good Guy,67
801,4gB7HrYHbJVJ5RFOjxmoq4,20,Luke Combs,One Number Away,34
802,4ggiDYAkJ7Yk8d5xOr7Xjo,3,Reik,Me Niego,77
803,4gmmRb6bZJffOOiww1JGTO,11,"21 Savage, Metro Boomin",No Heart,43
804,4h7qcXBtaOJnmrapxoWxGf,2,Joyner Lucas,Isis,59
805,4h90qkbnW1Qq6pBhoPvwko,1,The Weeknd,Sidewalks,97
806,4hQ6UGyWQIGJmHSo0J88JW,26,Selena Gomez,Back To You,18
807,4hXAK3mjFVFOOiJQ3rKAXi,4,Nosed Reindeer,Rudolph The Red,16
808,4hXDobvUaXyDFLnmecoY0z,8,"Tyga, Nicki Minaj",Dip,63
809,4haJoBPbPj9QFKNpp9e8kx,3,Drake,Diplomatic Immunity,7
810,4hqOmrCCJKyiuwDexd8c2t,1,NAV,Price On My Head,72
811,4iDtAYDLJWM2TrTERKPvFq,1,Meek Mill,We Ball,96
812,4iLeL1aYGcQBsYcWIhXIUO,1,Kane Brown,Found You,80
813,4iQ5gmTAzWfK8JyFC2LBox,2,Meek Mill,What's Free,20
814,4iVD0fTHGxV9JWloujsL3s,3,Nipsey Hussle,Double Up,65
815,4iYRa2btalAzPZoSYfROqF,3,Kendrick Lamar,XXX.,33
816,4j3GWI86JvSaF0BLdmgcfF,5,Childish Gambino,Summertime Magic,44
817,4jvjzW7Hm0yK4LvvE0Paz9,11,"Lil Peep, XXXTENTACION",Falling Down,13
818,4kUZvXB3LC3an3HX6h0s17,1,KIDS SEE GHOSTS,Cudi Montage,69
819,4kV4N9D1iKVxx1KLvtTpjS,19,Ariana Grande,"Break Up With Your Girlfriend, I'm Bored",2
820,4keoy2fqgwGnbWlm3ZVZFa,1,"Zedd, Elley Duhe",Happy Now,90
821,4knL4iPxPOZjQzTUlELGSY,22,Yo Gotti,Rake It Up,8
822,4ksuI04WMvUnJbHQjgs3L5,3,Drake,Talk Up,20
823,4l62h4tiuUwn7eD6hxMlVQ,2,Jake Paul,It's Everyday Bro,91
824,4lFfMRH0YH4pW5gczTDbNC,20,Queen Naija,Medicine,45
825,4lc61NBCDzy2srBHDQeTfN,1,Future,Racks Blue,76
826,4lnAN2S1fcI0SjxEbksZVr,12,Selena Gomez,Fetish,27
827,4m8J8neN8ol8iiqi5m1LA3,4,"Yella Beezy, Gucci Mane, Quavo",Bacc At It Again,87
828,4mHgYpuGHu99Mw69E83CP2,3,Trippie Redd,Taking A Walk,46
829,4mU5iXHeLgbR94siF7p1sY,1,The Weeknd,Six Feet Under,94
830,4mUIe9gfsdtsVP2zFIl74x,1,Juice WRLD,Maze,65
831,4n0xztUAbHPUV8G3NQvF30,14,Dan + Shay,How Not To,57
832,4n1bdaKwynQndm47x5HqWX,3,Drake,Blue Tint,30
833,4nrg60oftaZJqgKvGd9eaB,20,Yella Beezy,That's On Me,56
834,4nxgA1nvXvTkmsBY0vJV57,12,Lauren Alaina,Road Less Traveled,67
835,4oLuMvGQ4WJfU2s4OM6nfE,1,Migos,Culture,93
836,4oM9DGUTrRaXJDypxxHztZ,3,Bryce Vine,La La Land,90
837,4pCEIQ6wBVuaJdER5bALtO,5,Lil Uzi Vert,That's A Rack,76
838,4pWb8UZ6IPVJA3CPjCNgzq,7,Keith Urban,Coming Home,50
839,4paAidoE8VAemwU4jgCc6l,2,21 Savage,All My Friends,67
840,4pcNiazsgWCUQhneP55nvf,1,Major Lazer,Run Up,66
841,4ppTAJUbNXELZcoUaL90wo,2,The Weeknd,Try Me,26
842,4qKcDkK6siZ7Jp1Jb4m0aL,25,BlocBoy JB,Look Alive,5
843,4qQwGRtGT7l6ckQtdPEFd4,18,Florida Georgia Line,Talk You Out Of It,73
844,4qRaZYiaOsSvWC7VgcxrI0,8,Fitz And The Tantrums,HandClap,53
845,4qWCFTuNnmGNdY4egtb4ZY,2,Post Malone,Otherside,46
846,4qknM1pQz53QOyfDVTjcM9,2,Shakira,Me Enamore,83
847,4rHmKlFRiFzabiVO6e9w2e,6,Katy Perry,Bon Appetit,59
848,4so0Wek9Ig1p6CRCHuINwW,2,Bing Crosby,White Christmas,34
849,4uTvPEr01pjTbZgl7jcKBD,3,Ariana Grande,NASA,17
850,4vaxvNDaLSoD36iZX515ug,19,Lil Xan,Betrayed,64
851,4vb4mFvYsr2h6enhjJsq9Y,16,Adele,Water Under The Bridge,26
852,4vjpLMyL3ZO6aphdYr8XYw,6,"Lauv, Troye Sivan",I'm So Tired...,81
853,4vwfOiyWxXeEdx4ejAJgdx,1,Huncho Jack,Eye 2 Eye,65
854,4w8niZpiMy6qz1mntFA5uM,26,DJ Snake,Taki Taki,11
855,4wFjTWCunQFKtukqrNijEt,21,"Migos, Nicki Minaj, Cardi B",MotorSport,6
856,4xBjsLUSjcx2h7PcRikpQp,1,Camila Cabello,OMG,81
857,4z8sz6E4YyFuEkv5o7IJni,1,Pentatonix,"Mary, Did You Know?",45
858,508oFmt92FyICj6pZiWQwC,5,"Steve Aoki, Louis Tomlinson",Just Hold On,72
859,50wkDxcIfamIajKwmgp0iB,2,YG,Handgun,98
860,51ChrwmUPDJvedPQnIU8Ls,2,Ed Sheeran,Dive,49
861,51RN0kzWd7xeR4th5HsEtW,1,"Tyler, The Creator",Igor's Theme,67
862,51rXHuKN8Loc4sUlKPODgH,20,"Jay Rock, Kendrick Lamar, Future, James Blake",King's Dead,21
863,51w9Jbat1pLeWINGCpnQUR,16,"Tory Lanez, Rich The Kid",Talk To Me,43
864,5274I4mUMnYczyeXkGDWZN,13,"Future, Juice WRLD",Fine China,26
865,52i143Ph5c3RQaQFBXWix1,1,Lil Baby,Word On The Street,98
866,52ioLaTnO2J7BWY8UN2n9D,18,Eric Church,Round Here Buzz,56
867,52okn5MNA47tk87PeZJLEL,27,NF,Let You Down,12
868,53xAT6jud1w0NqlBjSW4VB,3,"China Anne McClain, Thomas Doherty, Dylan Playfair",What's My Name,61
869,53yTYusPQJ1AApL1hi0Dnc,16,Luke Bryan,"Sunrise, Sunburn, Sunset",35
870,543bCW2ruMPmxUBWirQ3MR,4,Ed Sheeran,Cross Me,34
871,55n9yjI6qqXh5F2mYvUc2y,22,"Zayn, Taylor Swift",I Don't Wanna Live Forever,2
872,56eGOeSsqdg3FLxdo83TwV,15,Lee Brice,Rumor,25
873,575NJxNUVDqwJGdzBrlLbv,16,"Shawn Mendes, Zedd",Lost In Japan,48
874,577YBGuskWkVDCxZrLRB4v,16,Lil Baby,Pure Cocaine,46
875,57IRaiAB4hBZu3gnNVZC0v,17,YoungBoy Never Broke Again,No Smoke,61
876,57nOpVSc3j9o03Cr928ZM4,1,XXXTENTACION,What Are You So Afraid Of,65
877,58QhkbaAkLFnn7JwAnAato,4,Eminem,Fall,12
878,58TaFP5j5i9swOf584yon2,1,Travis Scott,Houstonfornication,53
879,58kZ9spgxmlEznXGu6FPdQ,3,The Chainsmokers,Sick Boy,65
880,58oryymPZNdtS2z8Une6NJ,12,Chris Brown,Undecided,35
881,58q2HKrzhC3ozto2nDdN4z,51,"Cardi B, Bad Bunny, J Balvin",I Like It,1
882,58spuRyMUsjKHQHEGwLC99,7,Maren Morris,80s Mercedes,74
883,58zsLZPvfflaiIbNWoA22O,7,Rag'n'Bone Man,Human,74
884,59XHPyb0MTMElZpkG0Wp69,1,Kevin Gates,Change Lanes,68
885,59ljpSFcgtfWJKS3vqG27R,2,Sam Smith,Pray,55
886,59ywHNwwchG4nZJMLyxSzd,11,Offset,Clout,39
887,5A6BJLZArq1MPjsnmcuk5f,27,MAX,Lights Down Low,20
888,5ASM6Qjiav2xPe7gRkQMsQ,3,The Ronettes,Sleigh Ride,26
889,5AnSllIrgGsCZzZJkVnApx,18,Chase Rice,Eyes On You,38
890,5BQrp63SHCVf4bzCzJePne,3,Lil Wayne,Don't Cry,5
891,5C6uh95eAL0RBTSGXKQwvk,16,Josh Turner,Hometown Girl,56
892,5CEdlxtMWIMAuUWnvPRjEM,8,Lil Wayne,Mona Lisa,2
893,5Cg98kiDYtCEHmjcKD0CJD,3,Lil Skies,I Know You,79
894,5DTOk0tCrmicVQP4mc6hkr,1,Meek Mill,Championships,70
895,5DZwnLxHjWTZaz9jOpRhxb,11,AJR,Weak,73
896,5DfWF0jqMgZDCiu9zJENTA,20,Cardi B,Ring,28
897,5DqdesEfbRyOlSS3Tf6c29,1,Ali Gatie,It's You,97
898,5Fhe63YOMZsGdB3CgCDuBi,1,Luke Combs,Even Though I'm Leaving,62
899,5FlmoOiXokZHJvESrFbsyg,4,6ix9ine,MAMA,43
900,5GBuCHuPKx6UC7VsSPK0t3,20,Blueface,Thotiana,8
901,5GG3knKdxKWrNboRijxeKF,1,Bryson Tiller,Run Me Dry,91
902,5Gu0PDLN4YJeW75PpBSg9p,21,"Hailee Steinfeld, Alesso",Let Me Go,40
903,5HDPtsnyb3maFmPL8LLUTG,1,Ed Sheeran,New Man,72
904,5HeKOKc4phmLn8e4I7EkzD,1,twenty one pilots,My Blood,81
905,5I30ByMf5nhgbSokY1EZiN,1,Young Thug,Anybody,89
906,5IaHrVsrferBYDm0bDyABy,29,Tyga,Taste,8
907,5Il6Oe7lr5XM7A0cWbVQtr,3,Ariana Grande,Bad Idea,27
908,5IvdLxVB8gwwcgnEkXSSW2,1,Lil Wayne,Dark Side Of The Moon,26
909,5JEx7HbmvHQQswJCsoo9rA,25,"Ellie Goulding, Diplo",Close To Me,24
910,5JUu0unA8VwhTZ9LkMWUVI,1,Drake,Since Way Back,70
911,5KVciTEfXvpcFHR3RFbtJy,1,Logic,Wassup,83
912,5KhFaq45chTw8RGfWo8T8J,8,6ix9ine,Billy,50
913,5Lgqu1th1KqlG97OF2gWGe,1,J. Cole,Window Pain,41
914,5N4erncE7kuUccm7zEmwzk,10,"Silk City, Dua Lipa",Electricity,62
915,5N5k9nd479b1xpDZ4usjrg,12,"Calvin Harris, Sam Smith",Promises,65
916,5NDUXbMwcnTQp66tI2zcdR,7,Andy Grammer,Fresh Eyes,68
917,5NfJGBAL9mgFPRQxKJmiX2,20,Kelsea Ballerini,Miss Me More,47
918,5O8x1YlmLQopQHErxtDfi9,1,Lil Uzi Vert,UnFazed,84
919,5OCJzvD7sykQEKHH7qAC3C,22,Ariana Grande,God Is A Woman,8
920,5OUSPcqhYTOzpbXzoEvKim,22,Keith Urban,The Fighter,38
921,5Ohxk2dO5COHF1krpoPigN,13,Harry Styles,Sign Of The Times,4
922,5PBx0zFfehUMyv5H4YXVAU,19,Russell Dickerson,Blue Tacoma,52
923,5PTG6rrL6EPFD9E2QMI2pl,15,Famous Dex,Japan,28
924,5PYQUBXc7NYeI1obMKSJK0,3,Katy Perry,Never Really Over,15
925,5Psnhdkyanjpgc2P8A5TSM,4,Drake,Emotionless,8
926,5QvBXUm5MglLJ3iBfTX2Wo,1,"Tyler, The Creator",Running Out Of Time,65
927,5R2rsbwCDXORX2tLfprRmM,1,Lil Yachty,Yacht Club,91
928,5SE57ljOIUJ1ybL9U6CuBH,4,BTS,DNA,67
929,5SehvGGC53A7SZKCLXQcyt,2,twenty one pilots,Nico And The Niners,79
930,5TXDeTFVRVY7Cvt0Dw4vWW,2,XXXTENTACION,Revenge,77
931,5UJshy5HDHdNEVqlJwzsQB,13,Bruno Mars,Versace On The Floor,33
932,5UVNjOSh27encRBqTpBWup,1,Future,Cuddle My Wrist,71
933,5VuxWXbt7XENQCtE9TzpTv,5,Post Malone,Spoil My Night,15
934,5W9QCBJ6Em0XWX333YrNhc,1,Future,Rent Money,54
935,5WA2SHuL5eesmPnYflNzlT,4,Jason Aldean,Rearview Town,68
936,5WHTFyqSii0lmT9R21abT8,10,Mabel,Don't Call Me Up,66
937,5WoaF1B5XIEnWfmb5NZikf,25,Miguel,Sky Walker,29
938,5WvAo7DNuPRmk4APhdPzi8,15,DJ Khaled,No Brainer,5
939,5YUyW9opqNsMSEzzecZih1,21,"Nicky Jam, J Balvin",X,41
940,5Z19ylxppfnfdP4JH0u8oj,17,Cole Swindell,Break Up In The End,49
941,5Z3GHaZ6ec9bsiI5BenrbY,35,Khalid,Young Dumb & Broke,18
942,5ZSIExfQuVv69tw5Qw3yDl,1,21 Savage,Break Da Law,70
943,5aOpzm8W8zysk4asB9hxJw,2,Flume,Say It,94
944,5aXgz1oKK8Q9z9xvTmSnrO,5,Trippie Redd,Topanga,52
945,5apaFCPBsoA06bOqYRIPIw,1,Wham!,Careless Whisper,33
946,5bJ1DrEM4hNCafcDd1oxHx,3,Mac Miller,Self Care,33
947,5bcTCxgc7xVfSaMV3RuVke,18,Calvin Harris,Feels,20
948,5cF0dROlMOK5uNZtivgu50,39,Charlie Puth,Attention,5
949,5cGpjfgAvidLy6znwkCxkP,2,Lil Wayne,Can't Be Broken,17
950,5cXg9IQS34FzLVdHhp7hu7,2,"Kendrick Lamar, Travis Scott",Big Shot,71
951,5cepAtqnEQ6yVG6088zMMu,9,"Maluma, Nego do Borel",Corazon,87
952,5eCkuGPZNl4mISFNPgr3Dd,17,Marian Hill,Down,21
953,5eFfsbjSouG8qOpg9ZqDl6,2,Sam Hunt,Downtown's Dead,94
954,5f5r2N4Lp9WoULWPH9zp2W,2,Drake,Can't Have Everything,82
955,5ffntNJnJOeFv7b7DCd0Bw,3,Post Malone,Takin' Shots,29
956,5g0XcG0apQTlO3X8r38vGf,13,Jake Owen,Down To The Honkytonk,65
957,5gW5dSy3vXJxgzma4rQuzH,1,Janelle Monae,Make Me Feel,99
958,5hTpBe8h35rJ67eAWHQsJx,13,Amine,Caroline,11
959,5hVghJ4KaYES3BFUATCYn0,5,"Tyler, The Creator",Earfquake,13
960,5hslUAKq9I9CG2bAulFkHN,9,Andy Williams,It's The Most Wonderful Time Of The Year,10
961,5icOoE6VgqFKohjWWNp0Ac,15,Marshmello,Here With Me,31
962,5itzep0nGnq7hxCfFNsTIR,1,XXXTENTACION,Difference,84
963,5iwz1NiezX7WWjnCgY5TH4,14,"Pedro Capo, Farruko",Calma,71
964,5jATYFb7FaYvDzZMZetTGs,19,"Luis Fonsi, Demi Lovato",Echame La Culpa,47
965,5jROdl6MhcmP3O7h2sVgtw,4,Chris Stapleton,Parachute,78
966,5jZF1nvKORdaHNjNNMRbFl,18,Walker Hayes,You Broke Up With Me,62
967,5jyyPsIGM2yqkZN9R3TmvN,3,"Khalid, Swae Lee",The Ways,63
968,5k38wzpLb15YgncyWdTZE4,19,G,Him & I,14
969,5kRPPEWFJIMox5qIkQkiz5,1,Harry Styles,Sweet Creature,93
970,5knuzwU65gJK7IF5yJsuaW,25,Clean Bandit,Rockabye,9
971,5kyd6oKvKmj6mWCaAaHoN4,17,Chris Brown,Privacy,62
972,5lNuqFVMca4vPupY10cH0J,23,Cheat Codes,No Promises,38
973,5lZZmityu9TAjNvSY6GLhR,3,Post Malone,Zack And Codeine,23
974,5lar0mCUejpILVkAz50s2J,1,XXXTENTACION,Train Food,64
975,5lf3ajySox32qFvGEf2TFM,1,Lil Baby,Southside,79
976,5mCPDVBb16L4XQwDdbRUpz,20,Drake,Passionfruit,8
977,5mKxNjNnRFpO9Muzw3Ug0u,2,Perry Como,Home For The Holidays,32
978,5mqzhMuUpvnMfwNz6iepmO,4,"Diplo, French Montana, Lil Pump",Welcome To The Party,78
979,5nzhL67GpF9szXWg5y509A,33,Lil Baby,Close Friends,28
980,5oO3drDxtziYU2H1X23ZIp,22,Rihanna,Love On The Brain,5
981,5oyUurs28XRagLa8lgm6V3,3,DJ ESCO,Too Much Sauce,50
982,5oynsOy80DnodTslgaj3cr,1,JAY,Marcy Me,90
983,5p7GiBZNL1afJJDUrOA6C8,1,Mac Miller,Hurt Feelings,70
984,5p7ujcrUXASCNwRaWNHR1C,37,Halsey,Without Me,1
985,5qN4HFkapdAOV94XPryVof,1,Kendrick Lamar,Black Panther,91
986,5qRRiqndqXaq2QBudIrkYU,7,Carrie Underwood,Dirty Laundry,48
987,5qi7piHIt9zwTYYBnIvfNZ,8,DJ Luke Nasty,OTW,71
988,5rU6kDNXZLXIinFezpbWbO,2,NAV,Tap,89
989,5ry2OE6R2zPQFDO85XkgRb,1,Drake,Money In The Grave,7
990,5s6pKnF3ZPtuqvEx1i1V7U,1,Lil Wayne,Hittas,59
991,5sIx4BlfYGuZeSLF40N9GH,11,Kygo,Remind Me To Forget,63
992,5sWbwccBcyHsg5LEKWGZo9,1,J. Cole,Brackets,30
993,5sjIhQzNljMVrDklI91ezp,12,Blake Shelton,A Guy With A Girl,42
994,5slddJ629YcePvqD6Uyk8r,18,Blake Shelton,I Lived It,63
995,5tAa8Uaqr4VvA3693mbIhU,7,Zara Larsson,Ruin My Life,76
996,5tFep7dXGd7vEJ668wTPux,22,Gucci Mane,Both,41
997,5tRa5hnltiyqY63rWOfnO2,1,Trippie Redd,Under Enemy Arms,94
998,5tz69p7tJuGPeMGwNTxYuV,41,800,1,3
999,5u64RlrnvvbtNh6R0EMh6o,1,Lorde,Homemade Dynamite,92
1000,5u6vkDnOyaf8LsteDAj2ub,7,"21 Savage, Offset, Metro Boomin",Ghostface Killers,35
1001,5uCax9HTNlzGybIStD3vDh,44,James Arthur,Say You Won't Let Go,11
1002,5uDASfU19gDxSjW8cnCaBp,6,Rob $tone,Chill Bill,29
1003,5vAEnWrHxLv78uwZrAJcX6,1,Nicki Minaj,Thought I Knew You,98
1004,5vnuJ8EopkP5dHukpOmT3L,1,Pusha T,What Would Meek Do?,75
1005,5vuMtXS5kQ7F0o9V9rG1dG,12,Brett Eldredge,The Long Way,65
1006,5w3NgfV8v1nNZFLUBlGHIL,18,Luke Bryan,Light It Up,57
1007,5ygDXis42ncn6kYG14lEVG,20,Pinkfong,Baby Shark,32
1008,5yuShbu70mtHXY0yLzCQLQ,10,Post Malone,Go Flex,76
1009,609qKv3KPAbdtp0LQH2buA,19,Blake Shelton,I'll Name The Dogs,56
1010,60APt5N2NRaKWf5xzJdzyC,1,Calvin Harris,Heatstroke,96
1011,60SdxE8apGAxMiRrpbmLY0,14,Eminem,Lucky You,6
1012,60Z57Wdrn0pEVpHI7d7GAX,1,Eminem,Stepping Stone,42
1013,60a0Rd6pjrkxjPbaKzXjfq,1,Linkin Park,In The End,37
1014,61Oo3DUJubecZQosjho6Pp,2,YoungBoy Never Broke Again,Valuable Pain,87
1015,63NTlJWNS65JjsE3QJYr20,1,"Nicki Minaj, Lil Wayne",Changed It,71
1016,63OQWdXMq0Pe6pRpWY5gO0,12,Thomas Rhett,Star Of The Show,45
1017,63SevszngYpZOwf63o61K4,4,Dennis Lloyd,Nevermind,86
1018,63TyoT9Ee03rQxv8xmdJ2l,4,Machine Gun Kelly,Rap Devil,13
1019,65Q2mv3UlVi9eO70OpsmSe,9,Burl Ives,A Holly Jolly Christmas,10
1020,65fpYBrI8o2cfrwf2US4gq,7,"Zac Efron, Zendaya",Rewrite The Stars,70
1021,65kp3OFn7JXbCvkm3m2Ui2,1,Lil Uzi Vert,Two,80
1022,66XDf77gBcfQKi4I2vIbTj,1,Steve Aoki,Waste It On Me,89
1023,66pxmg3Jhjm09tHoWR1wVR,14,Kenny Chesney,All The Pretty Girls,63
1024,66xn6tB8s3l8uhj02OGneE,3,"Liam Payne, Rita Ora",For You,76
1025,688QpQAwqsLdBR6lr13wK1,3,Post Malone,Same Bitches,20
1026,68JS5SFTnW5Yv9Vzw81Jf0,17,Chris Stapleton,Millionaire,47
1027,68lOQPb5tX8U2cQRuas0L2,1,Lil Wayne,Used 2,78
1028,68ws96ZIZwvjCXgpDKicqo,11,"Anuel AA, Karol G",Secreto,68
1029,698eQRku24PIYPQPHItKlA,23,Luke Combs,She Got The Best Of Me,31
1030,69PkhA9q3xCWU2CzoZnLAu,1,Quavo,Lose It,100
1031,69YY68QbEf9o1LILdwzepA,9,"Zay Hilfigerrr, Zayion McCall",Juju On That Beat,5
1032,6AGON2BGdPmPMJGiiNuuwl,4,J. Cole,Immortal,59
1033,6AvfZXpbb6r35DfF7gHPRq,24,Maroon 5,Wait,24
1034,6BJbOXDlgVAXSaq6wYFYT2,1,17,NC,41
1035,6BdAwMv1YorLfkBWlE493X,1,Romeo Santos,Heroe Favorito,77
1036,6CTWathupIiDs7U4InHnDA,27,Ella Mai,Trip,11
1037,6CcJMwBtXByIz4zQLzFkKc,1,Billie Eilish,I Love You,53
1038,6CfrYuD3YRDYdYvH9jNtXY,2,Drake,No Long Talk,40
1039,6CyJlVAEFlNdpggOLanytL,13,Chris Young,Hangin' On,63
1040,6DCZcSspjsKoFjzjrWoCdn,36,Drake,God's Plan,1
1041,6Dq8FZrvx9S28iyaKSwn9x,1,DJ Khaled,Jealous,57
1042,6EGAfJaLUFzhS4zRBIEQ2J,20,Jason Aldean,You Make It Easy,28
1043,6ERR6e7h6wCqGoz1TjiUJb,8,Luke Bryan,Knockin' Boots,59
1044,6FwiZxKXipsyGw2CVZOzol,2,Chris Brown,High End,82
1045,6G8kHiVZ1jW7vHMPVRNZU0,5,Drake,Don't Matter To Me,9
1046,6Gg25EZRbQd4IHiJz2KSY0,1,Kodak Black,Testimony,74
1047,6H0AwSQ20mo62jGlPGB8S6,20,2 Chainz,It's A Vibe,44
1048,6HR1z11h0ROUlWP4Kx8Z7G,1,"21 Savage, Offset, Metro Boomin",Mad Stalkers,99
1049,6HZILIRieu8S0iqY8kIKhj,20,Kendrick Lamar,DNA.,4
1050,6Hgh47WXVKtXN5zGOu0hjI,18,"Khalid, Ty Dolla $ign, 6LACK",OTW,57
1051,6Hj9jySrnFppAI0sEMCZpJ,18,Juice WRLD,Robbery,27
1052,6I6NX6tjGsxFAsIfGzY9lJ,19,J. Cole,Deja Vu,35
1053,6IRdLKIyS4p7XNiP8r6rsx,2,Billie Eilish,All The Good Girls Go To Hell,46
1054,6IZvVAP7VPPnsGX6bvgkqg,2,Kendrick Lamar,Pride.,37
1055,6IaieqiCVvsNvEt6Y7yOFa,14,Post Malone,Ball For Me,16
1056,6IuVmxZtP3h5wvErFpDcVR,1,Liam Payne,Bedroom Floor,98
1057,6Iuh3vNjpWhSeHM3RZgzQL,1,JAY,Bam,47
1058,6IvespQWGW4USXwexlVKDm,1,Eminem,Untouchable,86
1059,6JpN5w95em8SODPiM7W2PH,3,JAY,The Story Of O.J.,23
1060,6JyEh4kl9DLwmSAoNDRn5b,1,KIDS SEE GHOSTS,4th Dimension,42
1061,6K2anECyrckidwf5wxS78Q,4,Lil Yachty,NBAYoungboat,63
1062,6KBYefIoo7KydImq1uUQlL,34,Cardi B,Bodak Yellow,1
1063,6KjbNLbRjuoa8rEq5yNA6H,4,The Chainsmokers,Honest,77
1064,6Kkt27YmFyIFrcX3QXFi2o,1,Lorde,Liability,78
1065,6LOCAhFzZiavHcLJucLuDy,1,"DJ Khaled, Calvin Harris",Don't Quit,68
1066,6LsAAHotRLMOHfCsSfYCsz,7,Shawn Mendes,If I Can't Have You,2
1067,6LyAwkJsHlW7RQ8S1cYAtM,1,Metro Boomin,Overdue,62
1068,6MbH1QiphMCPTqVEVC7UYi,2,Drake,Nothings Into Somethings,61
1069,6MjNilJCVKJq0LfFvo5jWJ,2,Juice WRLD,Fast,47
1070,6NFyWDv5CjfwuzoCkw47Xf,35,Taylor Swift,Delicate,12
1071,6NMtzpDQBTOfJwMzgMX0zl,1,Travis Scott,Skeletons,47
1072,6Na5uKk5SsqZimk0hAWo8y,6,Drake,Signs,36
1073,6Nle9hKrkL1wQpwNfEkxjh,1,Frank Ocean,Chanel,72
1074,6O10oTtZIZ4DkkUqyfCbrR,2,DJ Khaled,Higher,21
1075,6OaVWaGfhXn70ZJfdVcabn,2,Travis Scott,No Bystanders,31
1076,6PCUP3dWmTjcTtXY02oFdT,33,Ed Sheeran,Castle On The Hill,6
1077,6PGoSes0D9eUDeeAafB2As,39,Kendrick Lamar,Love.,11
1078,6PJ8FF6UR8FZXfEvpHkIVN,2,Ed Sheeran,How Would You Feel,41
1079,6PRh0ilIMEP1xlUHqalnkD,20,Yo Gotti,Put A Date On It,46
1080,6PYnUsNEpYC7A4BS2sjw3L,1,Khalid,Right Back,93
1081,6PoKfDY78ih5OveWirggRX,1,"Lil Baby, Gunna",Off White VLONE,54
1082,6Poyf51k7W3NKnsGwAI90B,7,Nicki Minaj,Barbie Dreams,18
1083,6Q36XucqrejMId3RydVhch,1,Quavo,Biggest Alley Oop,86
1084,6QdnKD1zwEgyOWtkrdzlOF,1,The Weeknd,Hurt You,43
1085,6QgjcU0zLnzq5OrUoSZ3OK,44,Portugal. The Man,Feel It Still,4
1086,6Qn5zhYkTa37e91HC1D7lb,27,Imagine Dragons,Whatever It Takes,12
1087,6Qs4SXO9dwPj5GKvVOv8Ki,23,"Sam Smith, Normani",Dancing With A Stranger,7
1088,6RKkHI2fkmgZq7uQPPav8f,1,Migos,Gang Gang,73
1089,6RRNNciQGZEXnqk8SQ9yv5,1,Taylor Swift,You Need To Calm Down,2
1090,6RUKPb4LETWmmr3iAEQktW,39,"The Chainsmokers, Coldplay",Something Just Like This,3
1091,6SOBCABlykuNrO04rmXpLs,5,6ix9ine,TATI,46
1092,6SUxrwVN19Kmd9JfIbjJUj,3,Bhad Bhabie,These Heaux,77
1093,6SkHm6poyKfzV6kc9any8k,1,Khalid,Suncity,88
1094,6SwRhMLwNqEi6alNPVG00n,26,Kendrick Lamar,Loyalty.,14
1095,6TqXcAFInzjp0bODyvrWEq,19,Khalid,Talk,3
1096,6U4VqEHy4n5VeiH4pQPL24,10,Dwayne Johnson,You're Welcome,65
1097,6UjfByV1lDLW0SOVQA4NAi,11,Drake,Gyalchester,29
1098,6Up545NUflOiXo8cEraH49,43,Lauren Daigle,You Say,29
1099,6V1bu6o1Yo5ZXnsCJU8Ovk,52,Maroon 5,Girls Like You,1
1100,6V4KHt9xu4TPEnDFoBeacT,16,YBN Nahmir,Rubbin Off The Paint,46
1101,6V7g6qM8wheMivMWrzbPTM,25,Flipp Dinero,Leave Me Alone,20
1102,6VRwEqn7BvsN0dChfDrMAf,6,6ix9ine,KIKA,44
1103,6Vmb8Ru0BvjWGozOVGApRd,1,Justin Moore,The Ones That Didn't Make It Back Home,100
1104,6WlxcZKpEV6Bwe9InoVhMp,1,Future,Wifi Lit,53
1105,6Wo5YxkdXgwzKQZbDg2r17,2,Chris Stapleton,Either Way,89
1106,6X29iaaazwho3ab7GNue5r,1,Billie Eilish,8,79
1107,6XHVuErjQ4XNm6nDPVCxVX,2,Chris Brown,No Guidance,9
1108,6XcfKZvJio9Z0fQy11GnNX,22,lovelytheband,Broken,29
1109,6XlSyYFTU1nodeWwwzVgTV,1,"Pharrell Williams, Camila Cabello",Sangria Wine,83
1110,6YH2r9NyEJTjlRmKOCvxgJ,1,"Opetaia Foa'i, Lin",We Know The Way,98
1111,6Z4rmc0uujCpl8yXe3yjgI,1,2 Chainz,Whip,75
1112,6ZRuF2n1CQxyxxAAWsKJOy,9,Kehlani,Nights Like This,67
1113,6Za3190Sbw39BBC77WSS1C,3,"Natti Natasha, Ozuna",Criminal,95
1114,6b8Be6ljOzmkOmFslEb23P,31,Bruno Mars,24K Magic,4
1115,6bGwKHXHNLmTy6yt147FPh,1,Pusha T,If You Know You Know,73
1116,6bOkaEXc5CopinGazSLokx,1,"Tyler, The Creator",What's Good,85
1117,6bx1Wi1KZRkynuMTYrOhFb,1,Kodak Black,Everything 1K,84
1118,6cPnE82DKBLd7sg02ZNg8K,1,Meek Mill,Splash Warning,77
1119,6cblRiEGDRNZgowcm951R3,2,Drake,Sandra's Rose,27
1120,6cpsixIHI63L0hwh3CwZg3,1,Pusha T,Infrared,65
1121,6dPyzkyZwoj9LqjQXOFdVv,3,Cardi B,Press,16
1122,6fIjnWrv46njJHLDAY2JdC,2,Nipsey Hussle,Dedication,93
1123,6flur5o18COKeafnjLHRiJ,1,Lil Pump,Be Like Me,72
1124,6foY66mWZN0pSRjZ408c00,16,Morgan Wallen,Whiskey Glasses,17
1125,6fujklziTHa8uoM5OQSfIo,13,Rae Sremmurd,Black Beatles,1
1126,6fwdbPMwP1zVStm8FybmkO,7,"21 Savage, Metro Boomin",X,36
1127,6g0TAJ1grweRwBMLQyiZFb,1,21 Savage,Famous,94
1128,6gBFPUFcJLzWGx4lenP6h2,27,Travis Scott,Goosebumps,32
1129,6gU9OKjOE7ghfEd55oRO57,24,SZA,The Weekend,33
1130,6gpcs5eMhJwax4mIfKDYQk,20,Calvin Harris,Slide,25
1131,6habFhsOp2NvshLv26DqMb,51,"Luis Fonsi, Daddy Yankee",Despacito,1
1132,6hkQ6OQ6nhe7QCckH91aGa,1,Nipsey Hussle,Victory Lap,100
1133,6hzbRKhJHo6cfCHSnNaDS8,2,Kendrick Lamar,God.,58
1134,6i0V12jOa3mr6uu4WYhUBr,13,twenty one pilots,Heathens,12
1135,6iNynuzeIYD5DeppDHIXQx,2,Daddy Yankee,Shaky Shaky,88
1136,6ie2Bw3xLj2JcGowOlcMhb,9,Lorde,Green Light,19
1137,6irE4Fbjbry3czv7mTxVSB,11,Meek Mill,24/7,54
1138,6jA8HL9i4QGzsj6fjoxp8Y,1,"Martin Garrix, Troye Sivan",There For You,94
1139,6jMbPsH6lTOLs5n8Af26AG,1,Bradley Cooper,Maybe It's Time,93
1140,6jT85s2dZ55HBqjXYi2rfI,2,Justin Timberlake,Supplies,71
1141,6kPJZM97LwdG9QIsT7khp6,13,Clean Bandit,Solo,58
1142,6kex4EBAj0WHXDKZMEJaaF,20,Jason Derulo,Swalla,29
1143,6ku4gCfjdxmYpajNONAciN,1,JAY,Family Feud,51
1144,6mICuAdrwEjh6Y6lroV2Kg,13,Shakira,Chantaje,51
1145,6mKs2kkBgvf090H566n1pd,5,6ix9ine,BEBE,30
1146,6mapJIPnQ23RTAevUoE0DL,26,Rae Sremmurd,Swang,26
1147,6mb6lVLNrcUgLnEN8QnDJd,17,Auli'i Cravalho,How Far I'll Go,41
1148,6n3HGiq4v35D6eFOSwqYuo,4,Drake,Teenage Fever,35
1149,6n4U3TlzUGhdSFbUUhTvLP,22,Migos,Walk It Talk It,10
1150,6n6OQfBpCgzF9oEg8zhBN7,21,Kenny Chesney,Get Along,22
1151,6nO3tr47nr2P7f3hXb8JIo,1,NAV,Champion,86
1152,6nxQdXa1uAL0rY72wPZu89,11,John Legend,Love Me Now,30
1153,6oEVnWKgPqIEPc53OYDNqG,1,H.E.R.,Could've Been,76
1154,6ocbgoVGwYJhOv1GgI9NsF,22,Ariana Grande,7 Rings,1
1155,6ojicjDYUUoeE1tdSvfFo4,1,Luke Combs,Must've Never Met You,81
1156,6onwlDmIVKE8bBgyBRSuS0,1,J. Cole,Friends,46
1157,6p8NuHm8uCGnn2Dtbtf7zE,21,Migos,Slippery,29
1158,6pUBrvKfJL4qmn95mxU7rC,1,Meek Mill,Respect The Game,57
1159,6qNALlmZa1ESnCxJmXE1K9,7,Charlie Puth,The Way I Am,61
1160,6r46lnXFbE9fr2d3KNaGbe,1,Romeo Santos,Imitadora,91
1161,6rDaCGqcQB1urhpCrrD599,1,J. Cole,Album Of The Year,87
1162,6t2ubAB4iSYOuIpRAOGd4t,6,"Flo Rida, 99 Percent",Cake,73
1163,6tByydPskASjm9jTPkNQq0,2,ScHoolboy Q,Numb Numb Juice,55
1164,6tZ3b7ik1QDXFAZlXib0YZ,5,J. Cole,Kevin's Heart,8
1165,6tarvNiKnEjYMj1VZhlDqR,1,Lil Yachty,66,73
1166,6tpHfEM8eaETzlPOARYWfZ,1,Lil Pump,Drug Addicts,83
1167,6tsOcBnaKgzK22yEiqRh8P,2,"Ariana Grande, Victoria Monet",Monopoly,69
1168,6u8hSdYZxbK5EczDPRIXXf,1,Wiz Khalifa,Something New,92
1169,6uBhi9gBXWjanegOb2Phh0,31,"Zedd, Alessia Cara",Stay,7
1170,6uFn47ACjqYkc0jADwEdj1,13,Polo G,Pop Out,11
1171,6uVzeU47Qzg0rrMneP5BNg,10,Eli Young Band,Love Ain't,50
1172,6ufrOaf4v6Qady6GiIpQ0s,1,The Chainsmokers,Everybody Hates Me,100
1173,6urLjX35oXXRYtcH1b3dCh,1,Huncho Jack,Dubai Shit,83
1174,6vN77lE9LK6HP2DewaN6HZ,29,"Lil Baby, Drake",Yes Indeed,6
1175,6vWEAOUSxohKxhp0K1BsxL,18,YNW Melly,Mixed Personalities,42
1176,6viHvc13l9A6Ua6xugpeX6,8,Kip Moore,Last Shot,53
1177,6vlxmQGwmlyp07YjkugV6K,11,Kelsea Ballerini,Legends,68
1178,6vnfObZ4Ys70SBAtti1xZ9,1,Travis Scott,Coffee Bean,68
1179,6voi5xnLs9JKmWG2oLmgDU,3,Chris Young,Raised On Country,83
1180,6wWaVoUOzLQJHd3bWAUpdZ,8,"Lil Baby, Gunna",Never Recover,15
1181,6waqLPcT6ruMhmd36OhmFO,19,Chris Young,Losing Sleep,60
1182,6wmAHw1szh5RCKSRjiXhPe,23,Charlie Puth,How Long,21
1183,6wn2nmFn3wDuiMldRiuRuL,8,Wham!,Last Christmas,25
1184,6wqWfSOZvTK18SAczoYm1L,1,Lil Wayne,Start This shit Off Right,76
1185,6wycnu8FWXsj68ig7BEot9,7,Keith Urban,Blue Ain't Your Color,28
1186,6xHI9KjUjYT0FPtGO8Mxa1,22,Luke Combs,Hurricane,31
1187,6xL9MJ2yt39HPPZPyGkRy8,2,YoungBoy Never Broke Again,Untouchable,95
1188,6xVhqLT40s5sVhepe9Mckc,1,DJ Khaled,Weather The Storm,91
1189,6y4pOReFqH2wzo4CV91cZC,1,Lil Wayne,Mess,74
1190,6yHkPtl6UQ7RjtJLBPzbJw,10,Future,Selfish,37
1191,6yIGZp1AaFBoDczu3b4hVU,1,Logic,Confessions Of A Dangerous Mind,78
1192,6yL2kTsdVwYnGwPkKGtMd5,7,Ariana Grande,Everyday,55
1193,6yMxfx9wpiuhhdb8vHDVMu,13,Meek Mill,Whatever You Need,51
1194,6ya8ejoKgw906Y8LWclqrp,11,Nipsey Hussle,Racks In The Middle,26
1195,6zeeWid2sgw4lap2jV61PZ,40,Khalid,Better,8
1196,6zegtH6XXd2PDPLvy1Y0n2,1,Ariana Grande,R.E.M,72
1197,6zkHymyoD3tIqV7RwCAYUw,4,Brett Young,Sleep Without You,62
1198,70khXICDeTTxgYtw3EysKH,1,Ariana Grande,Sweetener,55
1199,70lnL3QaSOIIyMa2X9aVRL,1,Shakira,Perro Fiel,100
1200,71oM9w2BbJxzTpxzWIE0lw,1,JAY,Caught Their Eyes,63
1201,739vCwA3EpBSkk3uDsI2wB,21,"N*E*R*D, Rihanna",Lemon,36
1202,73WWkaWkIRSP3MYGZ14aY4,12,Kip Moore,More Girls Like You,66
1203,74CEfiZthUGX5yUNNUM4bj,20,Scotty McCreery,This Is It,42
1204,74ZovzRxHBvCq5yIwe8boh,1,"Tyler, The Creator",OKRA,89
1205,74cVJfmK18rhWnscIpGXjt,3,Cardi B,Thru Your Phone,50
1206,74lnM5V6ecvoTPV0fvptx9,6,Ski Mask The Slump God,Nuketown,63
1207,75ZvA4QfFiZvzhj2xkaWAh,29,Post Malone,I Fall Apart,16
1208,75lRIHDteNPr9hEjLEjCZ6,19,"Tiesto, Dzeko",Jackie Chan,52
1209,75lcPkAkUsKWHGBlGM476R,3,Trippie Redd,1400 / 999 Freestyle,55
1210,762UXiwEHYY97VL45sAUPR,11,David Guetta,2U,16
1211,76PwajqH3ej4hnk9tgaJpp,1,Gunna,Outstanding,70
1212,76Y0gxtTxN0FyDCYh5qYQj,1,Migos,Get Right Witcha,72
1213,76cy1WJvNGJTj78UqeA5zr,23,Dua Lipa,IDGAF,49
1214,76gUmNLXGQVOsGhfcshkFP,2,Drake,Madiba Riddim,51
1215,76vMKwFtdDDCLcM6zXybjB,3,Panic! At The Disco,Say Amen,60
1216,77IAeEz8LEchPN8UNjaTJ2,1,J. Cole,Foldin Clothes,98
1217,77UjLW8j5UAGAGVGhR5oUK,20,"The Weeknd, Kendrick Lamar",Pray For Me,7
1218,77hjM9bMmgfTGJXv14UFmi,17,Train,Play That Song,41
1219,77lGafvlU68CeHgB2pkHC9,8,Machine Gun Kelly,At My Best,60
1220,78QR3Wp35dqAhFEc2qAGjE,35,"Lil Baby, Gunna",Drip Too Hard,4
1221,794QVQtFNy7hvtjQP1keQd,8,G,1942,70
1222,79LAFAkR1ATb4iIQvZuCL0,18,Luke Bryan,Most People Are Good,43
1223,79Mjfhh393dZdAsTvUFDR6,10,Backstreet Boys,Don't Go Breaking My Heart,63
1224,79WLCOghf9QMQvSy3B96ep,1,G,The Plan,96
1225,79qxwHypONUt3AFq0WPpT9,1,Kacey Musgraves,Rainbow,98
1226,7A8OfzqXBHYGk61FZTHoeo,1,Lee Brice,Boy,94
1227,7AAnFzBtOlgoYceCQoLRUR,1,Kodak Black,First Day Out,61
1228,7AFASza1mXqntmGtbxXprO,20,XXXTENTACION,Changes,18
1229,7AQim7LbvFVZJE3O8TYgf2,20,XXXTENTACION,fuck Love,28
1230,7B9UAoGiN4iMCv4s40xoiM,12,Carrie Underwood,Cry Pretty,48
1231,7BKLCZ1jbUBVqRi2FVlTVw,32,The Chainsmokers,Closer,3
1232,7BKUWh5sdtdS17crohRe4L,1,Logic,Black SpiderMan,87
1233,7BXW1QCg56yzEBV8pW8pah,1,Jason Mraz,Have It All,90
1234,7BiELrM90hRxpozaIXbsLw,7,Rihanna,Sex With Me,83
1235,7C5atbXdv6nTkjlEKp4jLX,3,Major Lazer,Know No Better,87
1236,7CEJH5Ed7FBbXF6CqBQPlJ,6,Lil Baby,My Dawg,77
1237,7CcoUAtUcYhUfBsmtn0ajO,4,Eminem,Walk On Water,14
1238,7CkbRn6S0itJqcqn88AtSV,1,XXXTENTACION,Going Down!,95
1239,7DHApOHsIFo7EyfieArYGE,16,P!nk,Walk Me Home,49
1240,7DKS0rX27cCEPsK0R6tFWS,3,The Weeknd,Wasted Times,27
1241,7DcvwMAiqKJQD1rrdfxSDx,4,"Young Thug, J. Cole, Travis Scott",The London,12
1242,7DuvVy7JfFgXwWlVzyyPys,2,"Big Sean, Metro Boomin",Pull Up N Wreck,80
1243,7EgI0dCaQuHFe3OTj5EpWI,1,Lil Wayne,Open Safe,62
1244,7EoSDrwBPUBeBEORrpvgko,4,Ugly God,Water,80
1245,7F9vK8hNFMml4GtHsaXui6,10,Louis Tomlinson,Back To You,40
1246,7Fa5UNizycSms5jP3SQD3F,14,DJ Khaled,Shining,57
1247,7GX5flRQZVHRAGd6B4TmDO,36,Lil Uzi Vert,XO TOUR Llif3,7
1248,7HdNB8nvJOBwHa8hIkzvxp,3,Kodak Black,"If I'm Lyin, I'm Flyin",56
1249,7Hr2XoaGpIMKbNXCZDZ3le,1,Lil Peep,Awful Things,79
1250,7IBSffWIu7P2MC7kMwy2FM,7,Wiz Khalifa,Hopeless Romantic,72
1251,7J2gyNghNTzl4EsLhXp01Q,1,XXXTENTACION,Infinity,83
1252,7J6bnDDitOwfelaJNixHhL,1,Huncho Jack,Modern Slavery,68
1253,7JJmb5XwzOO8jgpou264Ml,34,Shawn Mendes,There's Nothing Holdin' Me Back,6
1254,7JYsArznYOjX2jsrT3UEnL,4,Young M.A,OOOUUU,19
1255,7K0lR5Ngf5jkOWt1g6ut6l,19,Jason Aldean,Girl Like You,46
1256,7KOlJ92bu51cltsD9KU5I7,25,Shirt,T,19
1257,7KXjTSCq5nL1LoYtL7XAwS,37,Kendrick Lamar,Humble.,1
1258,7KZ5MMVgBVox9ycroB2UrI,2,Travis Scott,Carousel,24
1259,7KcGEssn7BnJdTgildK5y0,7,"Nicki Minaj, Drake, Lil Wayne",No Frauds,14
1260,7LAhKXDNWwq3CmnFP3UIOP,1,"Offset, Metro Boomin",Nightmare,100
1261,7LikBkHerFGZ58QHVOKp1t,9,Beyonce,Before I Let Go,65
1262,7M2tXmeS15NAzEn7ABFeBg,5,Logic,Homicide,5
1263,7MXVkk9YMctZqd1Srtv4MB,17,The Weeknd,Starboy,1
1264,7MywASx2OFZngfoORjo1yy,2,Future,31 Days,65
1265,7aEtlGHoiPAfRB084NiDmx,7,Luke Combs,Beer Never Broke My Heart,22
1266,7azo4rpSUh8nXgtonC6Pkq,1,Michael Jackson,Thriller,31
1267,7bJ4mu7MHa3rHiNyKjOoSl,2,Drake,Ice Melts,62
1268,7cG6SxmQ24hQWnR8UThrk2,1,Lil Wayne,Dope New Gospel,90
1269,7cGFbx7MP0H23iHZTZpqMM,2,Logic,Everybody,59
1270,7cW1wHpSLYgKWzoWlOCPFJ,1,Lil Baby,Global,91
1271,7dZ1Odmx9jWIweQSatnRqo,14,Lady Gaga,Million Reasons,4
1272,7dt6x5M1jzdTEt8oCbisTK,52,Post Malone,Better Now,3
1273,7eBqSVxrzQZtK2mmgRG6lC,20,YNW Melly,Murder On My Mind,14
1274,7ef4DlsgrMEH11cDZd32M6,21,"Calvin Harris, Dua Lipa",One Kiss,26
1275,7epGknfpAlH1u33S71Ur1o,20,Kane Brown,Lose It,28
1276,7f08qp3HROTkfrtNpiYGGo,18,Jon Pardi,Dirt On My Boots,37
1277,7fCNUWi6uflDTQ08srxMZk,12,Meghan Trainor,No Excuses,46
1278,7fRruZ12gXGwBs0zXQ6e5V,2,Sugarland,Babe,72
1279,7floNISpH8VF4z4459Qo18,20,XXXTENTACION,Look At Me!,34
1280,7foypmc7KZyU716Yv63BPe,1,Huncho Jack,Saint,92
1281,7g7raxdQpiLZT7aOlib4S1,1,Huncho Jack,Motorcycle Patches,90
1282,7gY3cyGcB2wnk2xDXiA0pe,2,Avril Lavigne,Head Above Water,64
1283,7grWGhX8SHNmyGOkMNVMCt,8,Riley Green,There Was This Girl,70
1284,7gvd8xj4QgPqbQSsn5pV7d,54,Demi Lovato,Sorry Not Sorry,6
1285,7gwLQ4tZ5UdZ7qNcDyJ8wr,20,Maroon 5,Cold,16
1286,7hDVYcQq6MxkdJGweuCtl9,17,Billie Eilish,Ocean Eyes,84
1287,7hdw5gAGMyyn9z0XgfTv1j,1,NF,No Name,82
1288,7i2DJ88J7jQ8K7zqFX2fW8,20,Halsey,Now Or Never,17
1289,7iDa6hUg2VgEL1o1HjmfBn,51,"Bebe Rexha, Florida Georgia Line",Meant To Be,2
1290,7iEoaTyBCqLaAwJnOP1BTn,1,Pusha T,The Games We Play,100
1291,7iNIg7XDEaYECfWD5dJ9Va,10,Justin Bieber + BloodPop,Friends,20
1292,7jKUnzzOGhAlPjr7LkIUlE,1,2 Chainz,Momma I Hit A Lick,100
1293,7jr3iPu4O4bTCVwLMbdU2i,1,"Dua Lipa, BLACKPINK",Kiss And Make Up,93
1294,7lAK3oHbfEnvUQWosrMMpR,18,Travis Scott,Yosemite,25
1295,7lGKEWMXVWWTt3X71Bv44I,3,X Ambassadors,Unsteady,39
1296,7lxZbmtC6SkUc2yXBgDOdO,1,DJ Khaled,On Everything,88
1297,7m9OqQk4RVRkw9JJdeAw96,20,XXXTENTACION,Jocelyn Flores,19
1298,7mWFF4gPADjTQjC97CgFVt,8,"Ozuna, Daddy Yankee, J Balvin, Farruko, Anuel AA",Baila Baila Baila,69
1299,7mldq42yDuxiUNn08nvzHO,41,Sam Hunt,Body Like A Back Road,6
1300,7oHkit3F3vimtsBbnZkU0G,1,KIDS SEE GHOSTS,Fire,67
1301,7oJrVhiTPZGBXWPwhxjy9S,4,Lil Skies,Lust,87
1302,7oolFzHipTMg2nL7shhdz2,1,Ed Sheeran,Eraser,90
1303,7p2ewixAShLpjDZrnzZK7c,2,Cardi B,Get Up 10,38
1304,7p4vHnYXkxlzvfePJVpcTr,2,Childish Gambino,Feels Like Summer,54
1305,7pMRoGLEJuFM2wl5pt0R99,1,Offset,Legacy,49
1306,7pVzUPjJ83QojsVcOthmxP,1,Quavo,Huncho Dreams,93
1307,7pdF27mSDuPWhppnHAmWHa,3,XXXTENTACION,whoa,37
1308,7px4t7HGiuMUvFkEOpZEwp,6,Old Dominion,Song For Another Time,66
1309,7pxhKtuTwofDIdgHx2DcVK,9,Dustin Lynch,Seein' Red,55
1310,7qEHsqek33rTcFNT9PFqLf,6,Lewis Capaldi,Someone You Loved,54
1311,7qEKqBCD2vE5vIBsrUitpD,1,Billie Eilish,Ilomilo,62
1312,7qiZfU4dY1lWllzX7mPBI3,58,Ed Sheeran,Shape Of You,1
1313,7qvxFz3JodM0A7xEM7k3YD,15,Katy Perry,Chained To The Rhythm,4
1314,7r6LNJT2LqpLpEyZQJPygt,4,"Future, Young Thug",Patek Water,50
1315,7rC5Pl8rQSX4myONQHYPBK,8,Drake,Mob Ties,13
1316,7rKKh8AGVXuNXgLBpTBTFH,1,Logic,One Day,80
1317,7roKDmJDOzkpfGpUQJ5EnL,1,"Lil Baby, Gunna",Business Is Business,61
1318,7rvyVWja33WG9R97oeJAjx,27,Calboy,Envy Me,31
1319,7sLDnUauivS2vN6Z9EfUJT,1,Meek Mill,1942 Flows,83
1320,7sO5G9EABYOXQKNPNiE9NR,30,"Offset, Metro Boomin",Ric Flair Drip,13
1321,7sTtHHrD0zDpmzQzH3zegz,12,Camila Cabello,Consequences,51
1322,7ssEhls1ZYEGtBsoovkMSe,6,Ciara,Level Up,59
1323,7stcuQtnHL7C6XdPvpwywv,1,Khalid,Vertigo,89
1324,7tFiyTwD0nx5a1eklYtX2J,3,Queen,Bohemian Rhapsody,33
1325,7u90MSvVyEjL0c8icaE7jl,1,Logic,Contra,60
1326,7uYgVgRSgqluZclLS7wpp4,20,"Ozuna, Romeo Santos",El Farsante,49
1327,7uqcLJFlSYjVPLUz1vPxkY,1,XXXTENTACION,Guardian Angel,48
1328,7uzmGiiJyRfuViKKK3lVmR,34,Bazzi,Mine,11
1329,7vGuf3Y35N4wmASOKLUVVU,22,Marshmello,Silence,30
1330,7vRriwrloYVaoAe3a9wJHe,1,Olivia O'Brien,Hate U Love U,99
1331,7vgTNTaEz3CsBZ1N4YQalM,2,Kanye West,Ghost Town,16
1332,7vu0JkJh0ldukEYbTVcqd0,29,Julia Michaels,Issues,11
1333,7wBJfHzpfI3032CSD7CE2m,8,Travis Scott,Stargazing,8
1334,7wC5eZcFS1Q1BsQ35DU6H4,1,Billie Eilish,Come Out And Play,69
1335,7wMPhUSe6CZga1vOMpLTJP,1,"Ariana Grande, John Legend",Beauty And The Beast,87
1336,7wcyO1rrH3Ru4t659IjG41,5,Future,Crushed Up,43
1337,7xHWNBFm6ObGEQPaUxHuKO,8,Sia,The Greatest,22
1338,7xQAfvXzm3AkraOtGPWIZg,26,Post Malone,Wow.,2
1339,7y6c07pgjZvtHI9kuMVqk1,2,Drake,Get It Together,45
1340,7y9iMe8SOB6z3NoHE2OfXl,32,Halsey,Bad At Love,5
1341,7ycWLEP1GsNjVvcjawXz3z,8,A$AP Rocky,Praise The Lord,45
1342,7yfi8B8opXjnRh4VZnOkz9,11,Jonas Brothers,Cool,27
1343,7yotKA30dwTKNEGomV9ZsI,12,J. Cole,KOD,10
1344,7yrJnekdlwWARt5lmVqJ6L,9,Midland,Burn Out,63
1345,7yt6eiZQCkVFEzwGp4Pbor,1,Migos,Supastars,53
1346,7zFXmv6vqI4qOt4yGf3jYZ,6,Daniel Caesar,Get You,93
1347,7zLYKWcXnYeHHWidalz7rj,10,Lil Mosey,Noticed,80
1348,7zOoHxDt1duHL8czY7o7ab,1,Maren Morris,Dear Hate,91
1349,7zVCrzzEJU7u24sbJPXA5W,23,Kane Brown,What Ifs,26
1350,7zmleW3XZx0uUsL2CkFuDe,1,The Carters,Summer,84
